Term,Type,Freq,SuggestedCategoryId,IsBrand(0|1),MultiWord(0|1),Weight(1-10),Notes
chocolate,word,727,,0,0,1,
milk,word,398,,0,0,1,
750ml,word,394,,0,0,1,
bag,word,342,,0,0,1,
share,word,332,,0,0,1,
chicken,word,325,,0,0,1,
drink,word,325,,0,0,1,
balls,word,279,,0,0,1,
protein,word,241,,0,0,1,
cream,word,223,,0,0,1,
snack,word,218,,0,0,1,
can,word,217,,0,0,1,
food,word,204,,0,0,1,
coffee,word,203,,0,0,1,
cheese,word,197,,0,0,1,
free,word,193,,0,0,1,
snacks,word,188,,0,0,1,
party,word,173,,0,0,1,
sugar,word,169,,0,0,1,
energy,word,169,,0,0,1,
pouch,word,168,,0,0,1,
bars,word,166,,0,0,1,
school,word,166,,0,0,1,
lunchbox,word,164,,0,0,1,
2,word,159,,0,0,1,
caramel,word,153,,0,0,1,
extra,word,150,,0,0,1,
strawberry,word,147,,0,0,1,
white,word,145,,0,0,1,
sauce,word,144,,0,0,1,
soft,word,143,,0,0,1,
raspberry,word,143,,0,0,1,
rice,word,142,,0,0,1,
shampoo,word,142,,0,0,1,
oil,word,141,,0,0,1,
butter,word,138,,0,0,1,
peanut,word,136,,0,0,1,
375ml,word,135,,0,0,1,
conditioner,word,134,,0,0,1,
5,word,132,,0,0,1,
beef,word,132,,0,0,1,
12,word,129,,0,0,1,
4,word,128,,0,0,1,
original,word,126,,0,0,1,
chips,word,124,,0,0,1,
5x40g,word,123,,0,0,1,
body,word,122,,0,0,1,
black,word,121,,0,0,1,
crackers,word,121,,0,0,1,
sports,word,121,,0,0,1,
bags,word,117,,0,0,1,
bottle,word,117,,0,0,1,
water,word,116,,0,0,1,
bar,word,115,,0,0,1,
zero,word,113,,0,0,1,
lemon,word,111,,0,0,1,
berry,word,111,,0,0,1,
vanilla,word,110,,0,0,1,
lip,word,110,,0,0,1,
sensitive,word,109,,0,0,1,
dip,word,109,,0,0,1,
balm,word,107,,0,0,1,
spray,word,106,,0,0,1,
frozen,word,106,,0,0,1,
ice,word,105,,0,0,1,
sipper,word,105,,0,0,1,
cap,word,105,,0,0,1,
apple,word,104,,0,0,1,
filled,word,103,,0,0,1,
classic,word,102,,0,0,1,
dry,word,102,,0,0,1,
potato,word,102,,0,0,1,
mini,word,101,,0,0,1,
6,word,101,,0,0,1,
1,word,100,,0,0,1,
instant,word,100,,0,0,1,
deodorant,word,100,,0,0,1,
fresh,word,99,,0,0,1,
size,word,98,,0,0,1,
liquid,word,96,,0,0,1,
yoghurt,word,94,,0,0,1,
capsules,word,94,,0,0,1,
coconut,word,93,,0,0,1,
organic,word,93,,0,0,1,
wash,word,93,,0,0,1,
soup,word,92,,0,0,1,
block,word,92,,0,0,1,
dark,word,91,,0,0,1,
8,word,91,,0,0,1,
choc,word,91,,0,0,1,
roll,word,89,,0,0,1,
700ml,word,89,,0,0,1,
muesli,word,88,,0,0,1,
s,word,88,,0,0,1,
dog,word,88,,0,0,1,
months,word,88,,0,0,1,
relief,word,87,,0,0,1,
pasta,word,87,,0,0,1,
50,word,87,,0,0,1,
hair,word,85,,0,0,1,
biscuits,word,85,,0,0,1,
pinot,word,84,,0,0,1,
style,word,83,,0,0,1,
mix,word,82,,0,0,1,
pieces,word,82,,0,0,1,
3,word,82,,0,0,1,
cleaner,word,82,,0,0,1,
custard,word,82,,0,0,1,
10,word,81,,0,0,1,
kids,word,81,,0,0,1,
mango,word,80,,0,0,1,
lime,word,79,,0,0,1,
tea,word,79,,0,0,1,
baby,word,78,,0,0,1,
ultra,word,78,,0,0,1,
noodles,word,78,,0,0,1,
vitamin,word,77,,0,0,1,
tablets,word,76,,0,0,1,
sweet,word,76,,0,0,1,
multipack,word,76,,0,0,1,
men,word,76,,0,0,1,
care,word,75,,0,0,1,
flavour,word,75,,0,0,1,
spf,word,75,,0,0,1,
no,word,74,,0,0,1,
smooshed,word,74,,0,0,1,
salt,word,73,,0,0,1,
fruit,word,73,,0,0,1,
natural,word,73,,0,0,1,
honey,word,73,,0,0,1,
cans,word,73,,0,0,1,
sunscreen,word,73,,0,0,1,
tasty,word,72,,0,0,1,
chilli,word,72,,0,0,1,
shine,word,72,,0,0,1,
clean,word,71,,0,0,1,
gel,word,69,,0,0,1,
11,word,69,,0,0,1,
330ml,word,69,,0,0,1,
rose,word,68,,0,0,1,
dairy,word,68,,0,0,1,
c,word,67,,0,0,1,
creamy,word,67,,0,0,1,
garlic,word,66,,0,0,1,
adult,word,66,,0,0,1,
chip,word,66,,0,0,1,
cat,word,66,,0,0,1,
lotion,word,65,,0,0,1,
sauvignon,word,63,,0,0,1,
brownie,word,63,,0,0,1,
toothpaste,word,61,,0,0,1,
curry,word,61,,0,0,1,
orange,word,61,,0,0,1,
chewy,word,61,,0,0,1,
red,word,60,,0,0,1,
medium,word,60,,0,0,1,
strips,word,60,,0,0,1,
lollies,word,60,,0,0,1,
banana,word,59,,0,0,1,
super,word,57,,0,0,1,
le,word,57,,0,0,1,
juice,word,57,,0,0,1,
double,word,57,,0,0,1,
light,word,57,,0,0,1,
mountain,word,56,,0,0,1,
minute,word,56,,0,0,1,
pain,word,56,,0,0,1,
espresso,word,56,,0,0,1,
hot,word,55,,0,0,1,
gluten,word,55,,0,0,1,
fast,word,55,,0,0,1,
gold,word,54,,0,0,1,
tomato,word,54,,0,0,1,
smooth,word,54,,0,0,1,
shiraz,word,54,,0,0,1,
spf15,word,54,,0,0,1,
cacao,word,53,,0,0,1,
blast,word,53,,0,0,1,
piece,word,53,,0,0,1,
colour,word,53,,0,0,1,
grape,word,53,,0,0,1,
snak,word,53,,0,0,1,
4x500ml,word,52,,0,0,1,
4pk,word,52,,0,0,1,
paracetamol,word,51,,0,0,1,
wholefood,word,51,,0,0,1,
refill,word,50,,0,0,1,
powder,word,50,,0,0,1,
twitch,word,50,,0,0,1,
blanc,word,50,,0,0,1,
noir,word,50,,0,0,1,
gummies,word,49,,0,0,1,
corn,word,49,,0,0,1,
women,word,49,,0,0,1,
aerosol,word,47,,0,0,1,
hand,word,47,,0,0,1,
pizza,word,47,,0,0,1,
base,word,47,,0,0,1,
anti,word,47,,0,0,1,
repair,word,47,,0,0,1,
max,word,47,,0,0,1,
sparkling,word,47,,0,0,1,
pure,word,46,,0,0,1,
salted,word,46,,0,0,1,
skin,word,46,,0,0,1,
vegetable,word,46,,0,0,1,
laundry,word,46,,0,0,1,
lemonade,word,46,,0,0,1,
protect,word,46,,0,0,1,
sea,word,45,,0,0,1,
regular,word,45,,0,0,1,
bbq,word,45,,0,0,1,
daily,word,45,,0,0,1,
recipe,word,45,,0,0,1,
premium,word,45,,0,0,1,
watermelon,word,45,,0,0,1,
italian,word,45,,0,0,1,
active,word,44,,0,0,1,
toothbrush,word,44,,0,0,1,
hazelnut,word,43,,0,0,1,
wet,word,42,,0,0,1,
creme,word,42,,0,0,1,
strength,word,42,,0,0,1,
ultiboost,word,42,,0,0,1,
kit,word,41,,0,0,1,
roast,word,41,,0,0,1,
greek,word,41,,0,0,1,
magnesium,word,41,,0,0,1,
1l,word,40,,0,0,1,
nut,word,40,,0,0,1,
ground,word,40,,0,0,1,
green,word,40,,0,0,1,
moisture,word,40,,0,0,1,
face,word,39,,0,0,1,
mint,word,39,,0,0,1,
ginger,word,39,,0,0,1,
cup,word,39,,0,0,1,
health,word,39,,0,0,1,
chardonnay,word,39,,0,0,1,
flavoured,word,39,,0,0,1,
egg,word,39,,0,0,1,
high,word,39,,0,0,1,
cheddar,word,38,,0,0,1,
eucalyptus,word,38,,0,0,1,
minis,word,38,,0,0,1,
serum,word,38,,0,0,1,
moisturiser,word,38,,0,0,1,
added,word,37,,0,0,1,
beans,word,37,,0,0,1,
pads,word,37,,0,0,1,
razor,word,37,,0,0,1,
cashew,word,37,,0,0,1,
advanced,word,37,,0,0,1,
value,word,37,,0,0,1,
sour,word,37,,0,0,1,
low,word,36,,0,0,1,
cola,word,36,,0,0,1,
almond,word,36,,0,0,1,
hydro,word,36,,0,0,1,
tuna,word,35,,0,0,1,
variety,word,35,,0,0,1,
antiperspirant,word,34,,0,0,1,
brown,word,34,,0,0,1,
deep,word,34,,0,0,1,
ham,word,34,,0,0,1,
cabernet,word,34,,0,0,1,
pro,word,34,,0,0,1,
assorted,word,34,,0,0,1,
sport,word,34,,0,0,1,
air,word,33,,0,0,1,
blend,word,33,,0,0,1,
onion,word,33,,0,0,1,
fragrance,word,33,,0,0,1,
bites,word,33,,0,0,1,
virgin,word,33,,0,0,1,
gin,word,33,,0,0,1,
fructis,word,33,,0,0,1,
aussie,word,33,,0,0,1,
bacon,word,33,,0,0,1,
collagen,word,33,,0,0,1,
kitchen,word,32,,0,0,1,
rainbow,word,32,,0,0,1,
crispy,word,32,,0,0,1,
spf50,word,32,,0,0,1,
passionfruit,word,31,,0,0,1,
all,word,31,,0,0,1,
sachets,word,31,,0,0,1,
deo,word,31,,0,0,1,
gum,word,31,,0,0,1,
crisps,word,31,,0,0,1,
wipes,word,31,,0,0,1,
gravy,word,31,,0,0,1,
paris,word,31,,0,0,1,
pumpkin,word,30,,0,0,1,
pork,word,30,,0,0,1,
cracker,word,30,,0,0,1,
deli,word,30,,0,0,1,
soy,word,30,,0,0,1,
oven,word,30,,0,0,1,
whisky,word,30,,0,0,1,
mild,word,30,,0,0,1,
amp,word,29,,0,0,1,
100,word,29,,0,0,1,
fruits,word,29,,0,0,1,
rush,word,29,,0,0,1,
salad,word,28,,0,0,1,
cookie,word,28,,0,0,1,
lightly,word,28,,0,0,1,
night,word,28,,0,0,1,
support,word,28,,0,0,1,
mixed,word,28,,0,0,1,
pie,word,28,,0,0,1,
pineapple,word,28,,0,0,1,
tough,word,28,,0,0,1,
waterproof,word,28,,0,0,1,
solution,word,28,,0,0,1,
ups,word,28,,0,0,1,
ale,word,28,,0,0,1,
fun,word,28,,0,0,1,
wings,word,28,,0,0,1,
goji,word,28,,0,0,1,
mask,word,28,,0,0,1,
oro,word,28,,0,0,1,
peach,word,27,,0,0,1,
slices,word,27,,0,0,1,
plus,word,27,,0,0,1,
intense,word,27,,0,0,1,
day,word,27,,0,0,1,
canola,word,27,,0,0,1,
multi,word,27,,0,0,1,
vinegar,word,27,,0,0,1,
chunky,word,27,,0,0,1,
duck,word,27,,0,0,1,
ion4,word,27,,0,0,1,
diamond,word,27,,0,0,1,
usb,word,27,,0,0,1,
disney,word,27,,0,0,1,
toy,word,27,,0,0,1,
jam,word,27,,0,0,1,
luminous,word,27,,0,0,1,
yogurt,word,27,,0,0,1,
thai,word,26,,0,0,1,
stir,word,26,,0,0,1,
jelly,word,26,,0,0,1,
dandruff,word,26,,0,0,1,
protection,word,26,,0,0,1,
venus,word,26,,0,0,1,
soluble,word,26,,0,0,1,
ultimate,word,26,,0,0,1,
blue,word,26,,0,0,1,
cut,word,26,,0,0,1,
drain,word,26,,0,0,1,
holy,word,26,,0,0,1,
peachy,word,26,,0,0,1,
keen,word,26,,0,0,1,
caplets,word,26,,0,0,1,
qualita,word,26,,0,0,1,
crunch,word,26,,0,0,1,
scotch,word,26,,0,0,1,
regenerist,word,26,,0,0,1,
x27,word,25,,0,0,1,
freshener,word,25,,0,0,1,
salmon,word,25,,0,0,1,
total,word,25,,0,0,1,
blueberry,word,25,,0,0,1,
lamb,word,25,,0,0,1,
aloe,word,25,,0,0,1,
cleanser,word,25,,0,0,1,
large,word,25,,0,0,1,
envy,word,25,,0,0,1,
210ml,word,25,,0,0,1,
reserve,word,25,,0,0,1,
story,word,25,,0,0,1,
lamington,word,25,,0,0,1,
invisible,word,25,,0,0,1,
charlottes,word,25,,0,0,1,
fix,word,25,,0,0,1,
mylk,word,25,,0,0,1,
4x40g,word,25,,0,0,1,
thick,word,25,,0,0,1,
pepper,word,24,,0,0,1,
rich,word,24,,0,0,1,
moisturising,word,24,,0,0,1,
foundation,word,24,,0,0,1,
naturals,word,24,,0,0,1,
roasted,word,24,,0,0,1,
latte,word,24,,0,0,1,
soda,word,24,,0,0,1,
cordial,word,24,,0,0,1,
fry,word,24,,0,0,1,
golden,word,24,,0,0,1,
7,word,24,,0,0,1,
basil,word,23,,0,0,1,
electric,word,23,,0,0,1,
pink,word,23,,0,0,1,
life,word,23,,0,0,1,
seasoning,word,23,,0,0,1,
500ml,word,23,,0,0,1,
fat,word,23,,0,0,1,
grain,word,23,,0,0,1,
sun,word,23,,0,0,1,
oat,word,23,,0,0,1,
whole,word,23,,0,0,1,
sticks,word,23,,0,0,1,
australian,word,23,,0,0,1,
vodka,word,23,,0,0,1,
plant,word,23,,0,0,1,
nv,word,23,,0,0,1,
breakfast,word,23,,0,0,1,
sandwich,word,22,,0,0,1,
48hr,word,22,,0,0,1,
fish,word,22,,0,0,1,
noodle,word,22,,0,0,1,
olive,word,22,,0,0,1,
spicy,word,22,,0,0,1,
cold,word,22,,0,0,1,
355ml,word,22,,0,0,1,
d,word,22,,0,0,1,
gourmet,word,22,,0,0,1,
whitening,word,22,,0,0,1,
box,word,22,,0,0,1,
cherry,word,21,,0,0,1,
wild,word,21,,0,0,1,
bowl,word,21,,0,0,1,
shower,word,21,,0,0,1,
baked,word,21,,0,0,1,
200ml,word,21,,0,0,1,
shapes,word,21,,0,0,1,
one,word,21,,0,0,1,
herb,word,21,,0,0,1,
treats,word,21,,0,0,1,
gentle,word,21,,0,0,1,
bake,word,21,,0,0,1,
grigio,word,21,,0,0,1,
vegetables,word,21,,0,0,1,
iced,word,21,,0,0,1,
oils,word,21,,0,0,1,
10x375ml,word,21,,0,0,1,
cakes,word,21,,0,0,1,
dressing,word,20,,0,0,1,
eye,word,20,,0,0,1,
bread,word,20,,0,0,1,
toilet,word,20,,0,0,1,
72hr,word,20,,0,0,1,
carb,word,20,,0,0,1,
liners,word,20,,0,0,1,
thin,word,20,,0,0,1,
action,word,20,,0,0,1,
peppermint,word,20,,0,0,1,
meal,word,20,,0,0,1,
6x250ml,word,20,,0,0,1,
sharepack,word,20,,0,0,1,
fabric,word,20,,0,0,1,
true,word,20,,0,0,1,
match,word,20,,0,0,1,
brief,word,20,,0,0,1,
triple,word,20,,0,0,1,
intensive,word,20,,0,0,1,
baking,word,20,,0,0,1,
popcorn,word,20,,0,0,1,
cereal,word,20,,0,0,1,
good,word,20,,0,0,1,
family,word,20,,0,0,1,
sausages,word,20,,0,0,1,
sliced,word,19,,0,0,1,
0,word,19,,0,0,1,
blossom,word,19,,0,0,1,
tanning,word,19,,0,0,1,
dishwashing,word,19,,0,0,1,
9,word,19,,0,0,1,
cookies,word,19,,0,0,1,
cinnamon,word,19,,0,0,1,
years,word,19,,0,0,1,
cocoa,word,19,,0,0,1,
argan,word,19,,0,0,1,
based,word,19,,0,0,1,
insect,word,19,,0,0,1,
multivitamin,word,19,,0,0,1,
serves,word,19,,0,0,1,
bourbon,word,19,,0,0,1,
selection,word,19,,0,0,1,
logo,word,19,,0,0,1,
professional,word,19,,0,0,1,
hydrating,word,19,,0,0,1,
tropical,word,19,,0,0,1,
cask,word,19,,0,0,1,
cider,word,19,,0,0,1,
salami,word,19,,0,0,1,
effervescent,word,18,,0,0,1,
breast,word,18,,0,0,1,
bolognese,word,18,,0,0,1,
normal,word,18,,0,0,1,
spice,word,18,,0,0,1,
meat,word,18,,0,0,1,
lager,word,18,,0,0,1,
mayonnaise,word,18,,0,0,1,
traditional,word,18,,0,0,1,
clinical,word,18,,0,0,1,
tray,word,18,,0,0,1,
lactose,word,17,,0,0,1,
mexican,word,17,,0,0,1,
cranberry,word,17,,0,0,1,
puree,word,17,,0,0,1,
olives,word,17,,0,0,1,
bean,word,17,,0,0,1,
herbs,word,17,,0,0,1,
cleansing,word,17,,0,0,1,
malt,word,17,,0,0,1,
control,word,17,,0,0,1,
nothing,word,17,,0,0,1,
edition,word,17,,0,0,1,
label,word,17,,0,0,1,
pale,word,17,,0,0,1,
summer,word,17,,0,0,1,
hommus,word,17,,0,0,1,
compatible,word,17,,0,0,1,
lindor,word,17,,0,0,1,
real,word,17,,0,0,1,
vegan,word,17,,0,0,1,
reduced,word,17,,0,0,1,
loaf,word,17,,0,0,1,
mince,word,17,,0,0,1,
vita,word,17,,0,0,1,
mens,word,17,,0,0,1,
puffs,word,16,,0,0,1,
150g,word,16,,0,0,1,
lynx,word,16,,0,0,1,
165ml,word,16,,0,0,1,
20,word,16,,0,0,1,
overnight,word,16,,0,0,1,
burger,word,16,,0,0,1,
tub,word,16,,0,0,1,
tin,word,16,,0,0,1,
dried,word,16,,0,0,1,
excellence,word,16,,0,0,1,
replacement,word,16,,0,0,1,
remover,word,16,,0,0,1,
small,word,16,,0,0,1,
250ml,word,16,,0,0,1,
liqueur,word,16,,0,0,1,
long,word,16,,0,0,1,
complete,word,16,,0,0,1,
antibacterial,word,16,,0,0,1,
hydrate,word,16,,0,0,1,
masala,word,16,,0,0,1,
french,word,16,,0,0,1,
tequila,word,16,,0,0,1,
chewing,word,16,,0,0,1,
microwave,word,16,,0,0,1,
aero,word,16,,0,0,1,
womens,word,16,,0,0,1,
prosecco,word,16,,0,0,1,
collection,word,16,,0,0,1,
pear,word,16,,0,0,1,
easy,word,16,,0,0,1,
nespresso,word,16,,0,0,1,
beer,word,16,,0,0,1,
strong,word,16,,0,0,1,
miracles,word,16,,0,0,1,
english,word,16,,0,0,1,
slow,word,16,,0,0,1,
single,word,16,,0,0,1,
sheer,word,15,,0,0,1,
foam,word,15,,0,0,1,
hayfever,word,15,,0,0,1,
mushroom,word,15,,0,0,1,
bio,word,15,,0,0,1,
40,word,15,,0,0,1,
foaming,word,15,,0,0,1,
blade,word,15,,0,0,1,
immune,word,15,,0,0,1,
squeeze,word,15,,0,0,1,
crinkle,word,15,,0,0,1,
pantyhose,word,15,,0,0,1,
smoked,word,15,,0,0,1,
country,word,15,,0,0,1,
olia,word,15,,0,0,1,
carrot,word,15,,0,0,1,
spinach,word,15,,0,0,1,
bone,word,15,,0,0,1,
plain,word,15,,0,0,1,
japanese,word,15,,0,0,1,
paste,word,15,,0,0,1,
pants,word,15,,0,0,1,
hydration,word,15,,0,0,1,
chives,word,15,,0,0,1,
cable,word,15,,0,0,1,
up,word,15,,0,0,1,
automatic,word,15,,0,0,1,
spread,word,14,,0,0,1,
sleep,word,14,,0,0,1,
cheesy,word,14,,0,0,1,
probiotic,word,14,,0,0,1,
prawn,word,14,,0,0,1,
crisp,word,14,,0,0,1,
crunchy,word,14,,0,0,1,
brush,word,14,,0,0,1,
nappy,word,14,,0,0,1,
spaghetti,word,14,,0,0,1,
muscle,word,14,,0,0,1,
shake,word,14,,0,0,1,
syrup,word,14,,0,0,1,
fried,word,14,,0,0,1,
rum,word,14,,0,0,1,
hyaluronic,word,14,,0,0,1,
kangaroo,word,14,,0,0,1,
ultivite,word,14,,0,0,1,
mascara,word,14,,0,0,1,
pies,word,14,,0,0,1,
nutrisse,word,14,,0,0,1,
balsamic,word,14,,0,0,1,
underwear,word,14,,0,0,1,
silver,word,14,,0,0,1,
full,word,13,,0,0,1,
500g,word,13,,0,0,1,
crystals,word,13,,0,0,1,
wellness,word,13,,0,0,1,
beauty,word,13,,0,0,1,
taco,word,13,,0,0,1,
prevention,word,13,,0,0,1,
slice,word,13,,0,0,1,
sweetener,word,13,,0,0,1,
lavender,word,13,,0,0,1,
2l,word,13,,0,0,1,
tampons,word,13,,0,0,1,
range,word,13,,0,0,1,
essential,word,13,,0,0,1,
mist,word,13,,0,0,1,
b,word,13,,0,0,1,
calcium,word,13,,0,0,1,
beige,word,13,,0,0,1,
twin,word,13,,0,0,1,
pesto,word,13,,0,0,1,
simmer,word,13,,0,0,1,
shot,word,13,,0,0,1,
micellar,word,13,,0,0,1,
zinc,word,13,,0,0,1,
valley,word,13,,0,0,1,
macadamia,word,13,,0,0,1,
period,word,13,,0,0,1,
mid,word,13,,0,0,1,
purple,word,13,,0,0,1,
stock,word,13,,0,0,1,
d3,word,13,,0,0,1,
dental,word,13,,0,0,1,
power,word,13,,0,0,1,
classics,word,13,,0,0,1,
tomatoes,word,13,,0,0,1,
garden,word,13,,0,0,1,
mixers,word,13,,0,0,1,
apricot,word,13,,0,0,1,
crew,word,13,,0,0,1,
50ml,word,13,,0,0,1,
blackcurrant,word,13,,0,0,1,
dessert,word,13,,0,0,1,
silky,word,13,,0,0,1,
everyday,word,12,,0,0,1,
scented,word,12,,0,0,1,
finish,word,12,,0,0,1,
satay,word,12,,0,0,1,
tan,word,12,,0,0,1,
express,word,12,,0,0,1,
biscuit,word,12,,0,0,1,
cake,word,12,,0,0,1,
400g,word,12,,0,0,1,
spring,word,12,,0,0,1,
heat,word,12,,0,0,1,
sesame,word,12,,0,0,1,
rspca,word,12,,0,0,1,
approved,word,12,,0,0,1,
peri,word,12,,0,0,1,
facial,word,12,,0,0,1,
rosemary,word,12,,0,0,1,
female,word,12,,0,0,1,
kombucha,word,12,,0,0,1,
diffuser,word,12,,0,0,1,
carbonara,word,12,,0,0,1,
vera,word,12,,0,0,1,
rolls,word,12,,0,0,1,
treat,word,12,,0,0,1,
spiced,word,12,,0,0,1,
chewable,word,12,,0,0,1,
boost,word,12,,0,0,1,
clear,word,12,,0,0,1,
charcoal,word,12,,0,0,1,
scalp,word,12,,0,0,1,
coated,word,12,,0,0,1,
gris,word,12,,0,0,1,
floss,word,12,,0,0,1,
ocean,word,12,,0,0,1,
mouthwash,word,12,,0,0,1,
capsicum,word,12,,0,0,1,
favourites,word,12,,0,0,1,
hour,word,12,,0,0,1,
key,word,12,,0,0,1,
nutrients,word,12,,0,0,1,
permanent,word,12,,0,0,1,
infusions,word,12,,0,0,1,
cooked,word,12,,0,0,1,
morocco,word,12,,0,0,1,
top,word,12,,0,0,1,
multipurpose,word,12,,0,0,1,
condoms,word,12,,0,0,1,
concentrate,word,12,,0,0,1,
cuvee,word,12,,0,0,1,
bladder,word,12,,0,0,1,
leaks,word,12,,0,0,1,
nature,word,11,,0,0,1,
350g,word,11,,0,0,1,
self,word,11,,0,0,1,
allergy,word,11,,0,0,1,
antihistamine,word,11,,0,0,1,
1kg,word,11,,0,0,1,
tasmanian,word,11,,0,0,1,
hard,word,11,,0,0,1,
wholemeal,word,11,,0,0,1,
nivea,word,11,,0,0,1,
15,word,11,,0,0,1,
cones,word,11,,0,0,1,
pudding,word,11,,0,0,1,
lasting,word,11,,0,0,1,
v,word,11,,0,0,1,
series,word,11,,0,0,1,
sausage,word,11,,0,0,1,
little,word,11,,0,0,1,
cheesecake,word,11,,0,0,1,
blonde,word,11,,0,0,1,
non,word,11,,0,0,1,
strawberries,word,11,,0,0,1,
rim,word,11,,0,0,1,
honeycomb,word,11,,0,0,1,
24,word,11,,0,0,1,
citrus,word,11,,0,0,1,
touch,word,11,,0,0,1,
comfort,word,11,,0,0,1,
grenache,word,11,,0,0,1,
96hr,word,11,,0,0,1,
else,word,11,,0,0,1,
bb,word,11,,0,0,1,
blades,word,11,,0,0,1,
turkey,word,11,,0,0,1,
iron,word,11,,0,0,1,
ladle,word,11,,0,0,1,
date,word,11,,0,0,1,
cool,word,11,,0,0,1,
mega,word,11,,0,0,1,
whiskey,word,11,,0,0,1,
brewed,word,11,,0,0,1,
marlborough,word,11,,0,0,1,
seed,word,10,,0,0,1,
always,word,10,,0,0,1,
probiotics,word,10,,0,0,1,
wick,word,10,,0,0,1,
botanics,word,10,,0,0,1,
cotton,word,10,,0,0,1,
250g,word,10,,0,0,1,
shredded,word,10,,0,0,1,
lasagne,word,10,,0,0,1,
cauliflower,word,10,,0,0,1,
muffins,word,10,,0,0,1,
rub,word,10,,0,0,1,
menu,word,10,,0,0,1,
steak,word,10,,0,0,1,
way,word,10,,0,0,1,
petit,word,10,,0,0,1,
inspired,word,10,,0,0,1,
pot,word,10,,0,0,1,
canned,word,10,,0,0,1,
pump,word,10,,0,0,1,
healthy,word,10,,0,0,1,
lunch,word,10,,0,0,1,
crafted,word,10,,0,0,1,
truffle,word,10,,0,0,1,
bun,word,10,,0,0,1,
breeze,word,10,,0,0,1,
scrub,word,10,,0,0,1,
big,word,10,,0,0,1,
caramilk,word,10,,0,0,1,
tall,word,10,,0,0,1,
washes,word,10,,0,0,1,
renewal,word,10,,0,0,1,
pomegranate,word,10,,0,0,1,
14,word,10,,0,0,1,
keratin,word,10,,0,0,1,
half,word,10,,0,0,1,
ball,word,10,,0,0,1,
pea,word,10,,0,0,1,
candle,word,10,,0,0,1,
breeds,word,10,,0,0,1,
tempranillo,word,10,,0,0,1,
jasmine,word,10,,0,0,1,
hyaluron,word,10,,0,0,1,
beetroot,word,10,,0,0,1,
niacinamide,word,10,,0,0,1,
brioche,word,10,,0,0,1,
merlot,word,10,,0,0,1,
fetta,word,10,,0,0,1,
macaroni,word,10,,0,0,1,
essentials,word,10,,0,0,1,
mustard,word,10,,0,0,1,
defence,word,10,,0,0,1,
4l,word,10,,0,0,1,
signature,word,10,,0,0,1,
2m,word,10,,0,0,1,
repellent,word,10,,0,0,1,
broccoli,word,10,,0,0,1,
crispbread,word,10,,0,0,1,
room,word,10,,0,0,1,
fine,word,10,,0,0,1,
cooking,word,10,,0,0,1,
tonic,word,10,,0,0,1,
q10,word,10,,0,0,1,
disposable,word,10,,0,0,1,
drumstick,word,10,,0,0,1,
veg,word,10,,0,0,1,
mocha,word,10,,0,0,1,
brut,word,10,,0,0,1,
burst,word,10,,0,0,1,
leg,word,10,,0,0,1,
420g,word,9,,0,0,1,
smokey,word,9,,0,0,1,
quinoa,word,9,,0,0,1,
telfast,word,9,,0,0,1,
masterfoods,word,9,,0,0,1,
swirl,word,9,,0,0,1,
99,word,9,,0,0,1,
margarine,word,9,,0,0,1,
tissue,word,9,,0,0,1,
100g,word,9,,0,0,1,
platinum,word,9,,0,0,1,
delight,word,9,,0,0,1,
kalamata,word,9,,0,0,1,
tenders,word,9,,0,0,1,
indian,word,9,,0,0,1,
30,word,9,,0,0,1,
mozzarella,word,9,,0,0,1,
nails,word,9,,0,0,1,
chilled,word,9,,0,0,1,
heads,word,9,,0,0,1,
bluey,word,9,,0,0,1,
step,word,9,,0,0,1,
twirl,word,9,,0,0,1,
fusion,word,9,,0,0,1,
twists,word,9,,0,0,1,
parmesan,word,9,,0,0,1,
balanced,word,9,,0,0,1,
biotin,word,9,,0,0,1,
southern,word,9,,0,0,1,
tinted,word,9,,0,0,1,
razors,word,9,,0,0,1,
uv,word,9,,0,0,1,
estate,word,9,,0,0,1,
mousse,word,9,,0,0,1,
acid,word,9,,0,0,1,
aluminium,word,9,,0,0,1,
crush,word,9,,0,0,1,
lite,word,9,,0,0,1,
dream,word,9,,0,0,1,
fillets,word,9,,0,0,1,
casserole,word,9,,0,0,1,
cracked,word,9,,0,0,1,
brightening,word,9,,0,0,1,
mineral,word,9,,0,0,1,
home,word,9,,0,0,1,
leaf,word,9,,0,0,1,
de,word,9,,0,0,1,
limited,word,9,,0,0,1,
disinfectant,word,9,,0,0,1,
odour,word,9,,0,0,1,
expert,word,9,,0,0,1,
damaged,word,9,,0,0,1,
lentil,word,9,,0,0,1,
grey,word,9,,0,0,1,
malbec,word,9,,0,0,1,
v8,word,9,,0,0,1,
bases,word,9,,0,0,1,
semillon,word,9,,0,0,1,
melts,word,9,,0,0,1,
4x375ml,word,9,,0,0,1,
pepperoni,word,9,,0,0,1,
ultrathin,word,9,,0,0,1,
set,word,8,,0,0,1,
killer,word,8,,0,0,1,
200g,word,8,,0,0,1,
moxie,word,8,,0,0,1,
bakery,word,8,,0,0,1,
vintage,word,8,,0,0,1,
restore,word,8,,0,0,1,
snap,word,8,,0,0,1,
nail,word,8,,0,0,1,
cleaning,word,8,,0,0,1,
perfect,word,8,,0,0,1,
barista,word,8,,0,0,1,
caramelised,word,8,,0,0,1,
soothing,word,8,,0,0,1,
barrel,word,8,,0,0,1,
paper,word,8,,0,0,1,
berries,word,8,,0,0,1,
potatoes,word,8,,0,0,1,
refills,word,8,,0,0,1,
maple,word,8,,0,0,1,
alcohol,word,8,,0,0,1,
sauv,word,8,,0,0,1,
loaded,word,8,,0,0,1,
odourless,word,8,,0,0,1,
unscented,word,8,,0,0,1,
detergent,word,8,,0,0,1,
marvellous,word,8,,0,0,1,
creations,word,8,,0,0,1,
island,word,8,,0,0,1,
renew,word,8,,0,0,1,
performance,word,8,,0,0,1,
ravioli,word,8,,0,0,1,
charger,word,8,,0,0,1,
patch,word,8,,0,0,1,
poppers,word,8,,0,0,1,
barossa,word,8,,0,0,1,
eraser,word,8,,0,0,1,
curls,word,8,,0,0,1,
violet,word,8,,0,0,1,
toning,word,8,,0,0,1,
shea,word,8,,0,0,1,
peanuts,word,8,,0,0,1,
raw,word,8,,0,0,1,
blended,word,8,,0,0,1,
supreme,word,8,,0,0,1,
sleek,word,8,,0,0,1,
chipotle,word,8,,0,0,1,
pan,word,8,,0,0,1,
crown,word,8,,0,0,1,
leek,word,8,,0,0,1,
riesling,word,8,,0,0,1,
topped,word,8,,0,0,1,
tube,word,8,,0,0,1,
pressed,word,8,,0,0,1,
crushed,word,8,,0,0,1,
ristorante,word,8,,0,0,1,
effects,word,8,,0,0,1,
less,word,8,,0,0,1,
microsafe,word,8,,0,0,1,
moscato,word,8,,0,0,1,
matte,word,8,,0,0,1,
boostcharge,word,8,,0,0,1,
nourishing,word,8,,0,0,1,
fruity,word,8,,0,0,1,
treatment,word,8,,0,0,1,
275ml,word,8,,0,0,1,
flakes,word,8,,0,0,1,
kill,word,8,,0,0,1,
fibre,word,8,,0,0,1,
liquorice,word,8,,0,0,1,
softener,word,8,,0,0,1,
glow,word,8,,0,0,1,
grapefruit,word,8,,0,0,1,
4x250ml,word,8,,0,0,1,
sanitiser,word,8,,0,0,1,
silk,word,8,,0,0,1,
damage,word,8,,0,0,1,
fit,word,8,,0,0,1,
stick,word,8,,0,0,1,
cuts,word,8,,0,0,1,
barley,word,8,,0,0,1,
turkish,word,8,,0,0,1,
lubricant,word,8,,0,0,1,
mints,word,8,,0,0,1,
chorizo,word,8,,0,0,1,
lightning,word,8,,0,0,1,
champagne,word,8,,0,0,1,
tides,word,7,,0,0,1,
95g,word,7,,0,0,1,
60,word,7,,0,0,1,
edgell,word,7,,0,0,1,
portions,word,7,,0,0,1,
king,word,7,,0,0,1,
nicaway,word,7,,0,0,1,
2mg,word,7,,0,0,1,
72,word,7,,0,0,1,
tortilla,word,7,,0,0,1,
stone,word,7,,0,0,1,
manuka,word,7,,0,0,1,
granola,word,7,,0,0,1,
80,word,7,,0,0,1,
savoy,word,7,,0,0,1,
dual,word,7,,0,0,1,
prebiotics,word,7,,0,0,1,
curried,word,7,,0,0,1,
balance,word,7,,0,0,1,
pistachio,word,7,,0,0,1,
go,word,7,,0,0,1,
16,word,7,,0,0,1,
fillet,word,7,,0,0,1,
formula,word,7,,0,0,1,
test,word,7,,0,0,1,
puff,word,7,,0,0,1,
star,word,7,,0,0,1,
freeze,word,7,,0,0,1,
three,word,7,,0,0,1,
stroganoff,word,7,,0,0,1,
stain,word,7,,0,0,1,
derma,word,7,,0,0,1,
infused,word,7,,0,0,1,
wafers,word,7,,0,0,1,
deluxe,word,7,,0,0,1,
miam,word,7,,0,0,1,
colouring,word,7,,0,0,1,
stix,word,7,,0,0,1,
slim,word,7,,0,0,1,
nude,word,7,,0,0,1,
handle,word,7,,0,0,1,
hazy,word,7,,0,0,1,
hearty,word,7,,0,0,1,
dough,word,7,,0,0,1,
tim,word,7,,0,0,1,
tam,word,7,,0,0,1,
heavy,word,7,,0,0,1,
magic,word,7,,0,0,1,
12x85g,word,7,,0,0,1,
frangipani,word,7,,0,0,1,
chunks,word,7,,0,0,1,
taste,word,7,,0,0,1,
2x50g,word,7,,0,0,1,
cough,word,7,,0,0,1,
prawns,word,7,,0,0,1,
25,word,7,,0,0,1,
teriyaki,word,7,,0,0,1,
skincare,word,7,,0,0,1,
tint,word,7,,0,0,1,
clusters,word,7,,0,0,1,
head,word,7,,0,0,1,
cappuccino,word,7,,0,0,1,
fudge,word,7,,0,0,1,
bond,word,7,,0,0,1,
plug,word,7,,0,0,1,
entertaining,word,7,,0,0,1,
weed,word,7,,0,0,1,
sandalwood,word,7,,0,0,1,
micro,word,7,,0,0,1,
peptide,word,7,,0,0,1,
wine,word,7,,0,0,1,
flu,word,7,,0,0,1,
mayo,word,7,,0,0,1,
danish,word,7,,0,0,1,
smoothie,word,7,,0,0,1,
sheets,word,7,,0,0,1,
gift,word,7,,0,0,1,
it,word,7,,0,0,1,
lozenges,word,7,,0,0,1,
pub,word,7,,0,0,1,
tender,word,7,,0,0,1,
chews,word,7,,0,0,1,
earl,word,7,,0,0,1,
diet,word,7,,0,0,1,
min,word,7,,0,0,1,
parsley,word,7,,0,0,1,
refreshing,word,7,,0,0,1,
club,word,7,,0,0,1,
electrolyte,word,7,,0,0,1,
incontinence,word,7,,0,0,1,
fig,word,7,,0,0,1,
veggie,word,7,,0,0,1,
chutney,word,7,,0,0,1,
farmers,word,6,,0,0,1,
messy,word,6,,0,0,1,
monkey,word,6,,0,0,1,
basmati,word,6,,0,0,1,
campbell,word,6,,0,0,1,
condensed,word,6,,0,0,1,
eco,word,6,,0,0,1,
manicare,word,6,,0,0,1,
rapid,word,6,,0,0,1,
seeds,word,6,,0,0,1,
pad,word,6,,0,0,1,
off,word,6,,0,0,1,
old,word,6,,0,0,1,
zafarelli,word,6,,0,0,1,
pane,word,6,,0,0,1,
di,word,6,,0,0,1,
jerky,word,6,,0,0,1,
storage,word,6,,0,0,1,
resealable,word,6,,0,0,1,
120g,word,6,,0,0,1,
1000mg,word,6,,0,0,1,
space,word,6,,0,0,1,
acne,word,6,,0,0,1,
crumbed,word,6,,0,0,1,
choice,word,6,,0,0,1,
yellow,word,6,,0,0,1,
chia,word,6,,0,0,1,
infant,word,6,,0,0,1,
meatballs,word,6,,0,0,1,
snakes,word,6,,0,0,1,
shortbread,word,6,,0,0,1,
yopro,word,6,,0,0,1,
wax,word,6,,0,0,1,
chive,word,6,,0,0,1,
jalapeno,word,6,,0,0,1,
but,word,6,,0,0,1,
comfortglide,word,6,,0,0,1,
volume,word,6,,0,0,1,
xl,word,6,,0,0,1,
35h,word,6,,0,0,1,
retinol,word,6,,0,0,1,
e,word,6,,0,0,1,
plum,word,6,,0,0,1,
aioli,word,6,,0,0,1,
styling,word,6,,0,0,1,
lcms,word,6,,0,0,1,
penne,word,6,,0,0,1,
weight,word,6,,0,0,1,
south,word,6,,0,0,1,
coast,word,6,,0,0,1,
tops,word,6,,0,0,1,
semi,word,6,,0,0,1,
disposables,word,6,,0,0,1,
american,word,6,,0,0,1,
flour,word,6,,0,0,1,
3dwhite,word,6,,0,0,1,
jack,word,6,,0,0,1,
time,word,6,,0,0,1,
hydrabomb,word,6,,0,0,1,
camomile,word,6,,0,0,1,
build,word,6,,0,0,1,
risotto,word,6,,0,0,1,
caramello,word,6,,0,0,1,
spritz,word,6,,0,0,1,
irish,word,6,,0,0,1,
flavours,word,6,,0,0,1,
biryani,word,6,,0,0,1,
thyme,word,6,,0,0,1,
stress,word,6,,0,0,1,
supports,word,6,,0,0,1,
colours,word,6,,0,0,1,
spearmint,word,6,,0,0,1,
loose,word,6,,0,0,1,
blanco,word,6,,0,0,1,
lift,word,6,,0,0,1,
luscious,word,6,,0,0,1,
age,word,6,,0,0,1,
car,word,6,,0,0,1,
cocktail,word,6,,0,0,1,
quarter,word,6,,0,0,1,
socks,word,6,,0,0,1,
13,word,6,,0,0,1,
straight,word,6,,0,0,1,
sticky,word,6,,0,0,1,
side,word,6,,0,0,1,
tawny,word,6,,0,0,1,
blueberries,word,6,,0,0,1,
bitters,word,6,,0,0,1,
gradual,word,6,,0,0,1,
meals,word,6,,0,0,1,
unsweetened,word,6,,0,0,1,
finger,word,6,,0,0,1,
whey,word,6,,0,0,1,
convenience,word,6,,0,0,1,
bergamot,word,6,,0,0,1,
goats,word,6,,0,0,1,
12yo,word,6,,0,0,1,
seriously,word,6,,0,0,1,
rustic,word,6,,0,0,1,
360,word,6,,0,0,1,
nutritious,word,6,,0,0,1,
waves,word,6,,0,0,1,
magnolia,word,6,,0,0,1,
salty,word,6,,0,0,1,
repairing,word,6,,0,0,1,
retinol24,word,6,,0,0,1,
goreng,word,6,,0,0,1,
yuzu,word,6,,0,0,1,
1m,word,6,,0,0,1,
cooker,word,6,,0,0,1,
nougat,word,6,,0,0,1,
peas,word,6,,0,0,1,
purpose,word,6,,0,0,1,
mac,word,6,,0,0,1,
sleeved,word,6,,0,0,1,
cleanse,word,6,,0,0,1,
himalayan,word,6,,0,0,1,
bodyscience,word,6,,0,0,1,
cornet,word,6,,0,0,1,
lean,word,6,,0,0,1,
cosifit,word,6,,0,0,1,
nappies,word,6,,0,0,1,
superfood,word,6,,0,0,1,
b12,word,6,,0,0,1,
boneless,word,6,,0,0,1,
cabbage,word,6,,0,0,1,
dressings,word,6,,0,0,1,
barbecue,word,6,,0,0,1,
mandarin,word,6,,0,0,1,
loin,word,6,,0,0,1,
savoury,word,6,,0,0,1,
freddo,word,6,,0,0,1,
tools,word,5,,0,0,1,
dishwasher,word,5,,0,0,1,
chickpea,word,5,,0,0,1,
oreo,word,5,,0,0,1,
moroccan,word,5,,0,0,1,
mayver,word,5,,0,0,1,
n,word,5,,0,0,1,
acting,word,5,,0,0,1,
africa,word,5,,0,0,1,
ply,word,5,,0,0,1,
herron,word,5,,0,0,1,
nicotine,word,5,,0,0,1,
lozenge,word,5,,0,0,1,
220g,word,5,,0,0,1,
hairspray,word,5,,0,0,1,
steggles,word,5,,0,0,1,
pops,word,5,,0,0,1,
lock,word,5,,0,0,1,
532ml,word,5,,0,0,1,
tree,word,5,,0,0,1,
optimum,word,5,,0,0,1,
nice,word,5,,0,0,1,
harvest,word,5,,0,0,1,
arnotts,word,5,,0,0,1,
4mg,word,5,,0,0,1,
crumb,word,5,,0,0,1,
burrito,word,5,,0,0,1,
chill,word,5,,0,0,1,
greens,word,5,,0,0,1,
multigrain,word,5,,0,0,1,
wafer,word,5,,0,0,1,
toner,word,5,,0,0,1,
nuts,word,5,,0,0,1,
glycinate,word,5,,0,0,1,
korean,word,5,,0,0,1,
buttery,word,5,,0,0,1,
perform,word,5,,0,0,1,
chef,word,5,,0,0,1,
70,word,5,,0,0,1,
or,word,5,,0,0,1,
pancake,word,5,,0,0,1,
pore,word,5,,0,0,1,
pencils,word,5,,0,0,1,
enamel,word,5,,0,0,1,
fully,word,5,,0,0,1,
sherbert,word,5,,0,0,1,
ketchup,word,5,,0,0,1,
dentastix,word,5,,0,0,1,
crawling,word,5,,0,0,1,
nourish,word,5,,0,0,1,
seamless,word,5,,0,0,1,
sunshine,word,5,,0,0,1,
pine,word,5,,0,0,1,
wall,word,5,,0,0,1,
tikka,word,5,,0,0,1,
clay,word,5,,0,0,1,
bright,word,5,,0,0,1,
decaffeinated,word,5,,0,0,1,
pimple,word,5,,0,0,1,
lovers,word,5,,0,0,1,
vit,word,5,,0,0,1,
reposado,word,5,,0,0,1,
bleach,word,5,,0,0,1,
blaster,word,5,,0,0,1,
loss,word,5,,0,0,1,
doc,word,5,,0,0,1,
croutons,word,5,,0,0,1,
bathroom,word,5,,0,0,1,
hi,word,5,,0,0,1,
itchy,word,5,,0,0,1,
brekkie,word,5,,0,0,1,
m,word,5,,0,0,1,
mediterranean,word,5,,0,0,1,
plax,word,5,,0,0,1,
canister,word,5,,0,0,1,
jumbo,word,5,,0,0,1,
xpa,word,5,,0,0,1,
sculpting,word,5,,0,0,1,
pulp,word,5,,0,0,1,
margherita,word,5,,0,0,1,
spanish,word,5,,0,0,1,
tzatziki,word,5,,0,0,1,
seaweed,word,5,,0,0,1,
tarts,word,5,,0,0,1,
grown,word,5,,0,0,1,
prepacked,word,5,,0,0,1,
sangiovese,word,5,,0,0,1,
buns,word,5,,0,0,1,
bakers,word,5,,0,0,1,
seafood,word,5,,0,0,1,
boxed,word,5,,0,0,1,
kat,word,5,,0,0,1,
elevation,word,5,,0,0,1,
wear,word,5,,0,0,1,
stuff,word,5,,0,0,1,
scent,word,5,,0,0,1,
pretzels,word,5,,0,0,1,
artisan,word,5,,0,0,1,
pet,word,5,,0,0,1,
ranch,word,5,,0,0,1,
pf,word,5,,0,0,1,
blood,word,5,,0,0,1,
ricotta,word,5,,0,0,1,
crumble,word,5,,0,0,1,
dishes,word,5,,0,0,1,
pick,word,5,,0,0,1,
aged,word,5,,0,0,1,
kentucky,word,5,,0,0,1,
hill,word,5,,0,0,1,
bikini,word,5,,0,0,1,
joint,word,5,,0,0,1,
sundried,word,5,,0,0,1,
bottles,word,5,,0,0,1,
korma,word,5,,0,0,1,
thinly,word,5,,0,0,1,
geranium,word,5,,0,0,1,
con,word,5,,0,0,1,
batch,word,5,,0,0,1,
teddy,word,5,,0,0,1,
eggs,word,5,,0,0,1,
milky,word,5,,0,0,1,
98,word,5,,0,0,1,
matcha,word,5,,0,0,1,
indoor,word,5,,0,0,1,
ivory,word,5,,0,0,1,
fluid,word,5,,0,0,1,
sensations,word,5,,0,0,1,
defend,word,5,,0,0,1,
cross,word,5,,0,0,1,
brie,word,5,,0,0,1,
remedy,word,5,,0,0,1,
miracle,word,5,,0,0,1,
relish,word,5,,0,0,1,
17kg,word,5,,0,0,1,
zucchini,word,5,,0,0,1,
12x300ml,word,5,,0,0,1,
nutri,word,5,,0,0,1,
28,word,5,,0,0,1,
passion,word,5,,0,0,1,
advance,word,5,,0,0,1,
ripe,word,5,,0,0,1,
jellies,word,5,,0,0,1,
toffee,word,5,,0,0,1,
sweetcorn,word,5,,0,0,1,
lighter,word,5,,0,0,1,
blends,word,5,,0,0,1,
serve,word,5,,0,0,1,
pulled,word,5,,0,0,1,
tennessee,word,5,,0,0,1,
nacho,word,5,,0,0,1,
linen,word,5,,0,0,1,
seedless,word,5,,0,0,1,
concealer,word,5,,0,0,1,
sock,word,5,,0,0,1,
creamery,word,5,,0,0,1,
saucy,word,5,,0,0,1,
caesar,word,5,,0,0,1,
melon,word,5,,0,0,1,
shaving,word,5,,0,0,1,
play,word,5,,0,0,1,
succulent,word,5,,0,0,1,
caffeine,word,5,,0,0,1,
infallible,word,5,,0,0,1,
omega,word,5,,0,0,1,
homestyle,word,5,,0,0,1,
fancies,word,5,,0,0,1,
belgian,word,5,,0,0,1,
wicked,word,5,,0,0,1,
glide,word,5,,0,0,1,
coleslaw,word,5,,0,0,1,
grass,word,5,,0,0,1,
fed,word,5,,0,0,1,
immunity,word,5,,0,0,1,
menthol,word,5,,0,0,1,
hungarian,word,5,,0,0,1,
bulloak,word,5,,0,0,1,
lamellar,word,5,,0,0,1,
chamomile,word,5,,0,0,1,
500mg,word,5,,0,0,1,
noway,word,5,,0,0,1,
felix,word,5,,0,0,1,
trigger,word,5,,0,0,1,
brow,word,5,,0,0,1,
myrtle,word,5,,0,0,1,
wrinkle,word,5,,0,0,1,
18,word,5,,0,0,1,
burgers,word,5,,0,0,1,
oriental,word,5,,0,0,1,
optic,word,5,,0,0,1,
milk chocolate,bigram,273,,0,1,2,
share bag,bigram,257,,0,1,2,
snack share,bigram,178,,0,1,2,
chocolate snack,bigram,177,,0,1,2,
school lunchbox,bigram,161,,0,1,2,
lunchbox snacks,bigram,161,,0,1,2,
balls 5x40g,bigram,123,,0,1,2,
sports drink,bigram,116,,0,1,2,
sipper cap,bigram,105,,0,1,2,
lip balm,bigram,105,,0,1,2,
drink sipper,bigram,104,,0,1,2,
party share,bigram,102,,0,1,2,
filled balls,bigram,100,,0,1,2,
soft drink,bigram,99,,0,1,2,
can 375ml,bigram,95,,0,1,2,
muesli bars,bigram,82,,0,1,2,
bars school,bigram,81,,0,1,2,
peanut butter,bigram,77,,0,1,2,
chocolate party,bigram,76,,0,1,2,
protein balls,bigram,75,,0,1,2,
bag 12,bigram,73,,0,1,2,
12 pieces,bigram,73,,0,1,2,
spf 50,bigram,68,,0,1,2,
zero sugar,bigram,67,,0,1,2,
potato chips,bigram,64,,0,1,2,
dark chocolate,bigram,63,,0,1,2,
instant noodles,bigram,63,,0,1,2,
dog food,bigram,59,,0,1,2,
party bag,bigram,57,,0,1,2,
tasty cheese,bigram,57,,0,1,2,
cat food,bigram,56,,0,1,2,
tea bags,bigram,56,,0,1,2,
2 minute,bigram,56,,0,1,2,
pain relief,bigram,56,,0,1,2,
gluten free,bigram,54,,0,1,2,
ice cream,bigram,54,,0,1,2,
energy drink,bigram,54,,0,1,2,
le snak,bigram,53,,0,1,2,
bag 11,bigram,52,,0,1,2,
dip crackers,bigram,52,,0,1,2,
crackers school,bigram,52,,0,1,2,
share party,bigram,51,,0,1,2,
mountain blast,bigram,51,,0,1,2,
11 piece,bigram,51,,0,1,2,
fast twitch,bigram,50,,0,1,2,
peanut milk,bigram,50,,0,1,2,
chocolate muesli,bigram,50,,0,1,2,
coffee bags,bigram,50,,0,1,2,
pinot noir,bigram,50,,0,1,2,
chocolate bars,bigram,50,,0,1,2,
paracetamol pain,bigram,50,,0,1,2,
balls 4pk,bigram,50,,0,1,2,
chocolate block,bigram,49,,0,1,2,
rose 750ml,bigram,49,,0,1,2,
snak tasty,bigram,49,,0,1,2,
smooshed wholefood,bigram,48,,0,1,2,
wholefood balls,bigram,48,,0,1,2,
white chocolate,bigram,46,,0,1,2,
dairy milk,bigram,44,,0,1,2,
baby food,bigram,44,,0,1,2,
chocolate bar,bigram,44,,0,1,2,
noir 750ml,bigram,42,,0,1,2,
blanc 750ml,bigram,41,,0,1,2,
body wash,bigram,41,,0,1,2,
vitamin c,bigram,39,,0,1,2,
sauvignon blanc,bigram,39,,0,1,2,
sea salt,bigram,36,,0,1,2,
choc chip,bigram,36,,0,1,2,
sugar free,bigram,36,,0,1,2,
ground coffee,bigram,36,,0,1,2,
recipe base,bigram,35,,0,1,2,
shiraz 750ml,bigram,35,,0,1,2,
bottle 330ml,bigram,34,,0,1,2,
hand wash,bigram,33,,0,1,2,
food pouch,bigram,33,,0,1,2,
extra virgin,bigram,32,,0,1,2,
no added,bigram,31,,0,1,2,
can 330ml,bigram,31,,0,1,2,
minute instant,bigram,30,,0,1,2,
chicken flavour,bigram,30,,0,1,2,
flavour 5,bigram,30,,0,1,2,
protein bar,bigram,30,,0,1,2,
repair protect,bigram,30,,0,1,2,
added sugar,bigram,29,,0,1,2,
chewy lollies,bigram,29,,0,1,2,
salted caramel,bigram,28,,0,1,2,
chardonnay 750ml,bigram,28,,0,1,2,
roll ups,bigram,28,,0,1,2,
hair colour,bigram,28,,0,1,2,
pasta sauce,bigram,27,,0,1,2,
canola oil,bigram,27,,0,1,2,
fruits chewy,bigram,27,,0,1,2,
ups school,bigram,27,,0,1,2,
fruit crisps,bigram,27,,0,1,2,
berry ice,bigram,27,,0,1,2,
sour cream,bigram,27,,0,1,2,
brownie protein,bigram,27,,0,1,2,
soup can,bigram,26,,0,1,2,
nut butter,bigram,26,,0,1,2,
hazelnut chocolate,bigram,26,,0,1,2,
coffee sachets,bigram,26,,0,1,2,
zero sports,bigram,26,,0,1,2,
water soluble,bigram,26,,0,1,2,
soluble solution,bigram,26,,0,1,2,
lollies party,bigram,26,,0,1,2,
caramel dark,bigram,26,,0,1,2,
gold rush,bigram,26,,0,1,2,
rush sports,bigram,26,,0,1,2,
balm watermelon,bigram,26,,0,1,2,
cans 4x500ml,bigram,26,,0,1,2,
drain cleaner,bigram,26,,0,1,2,
peachy keen,bigram,26,,0,1,2,
care spf15,bigram,26,,0,1,2,
cheese value,bigram,26,,0,1,2,
ice sports,bigram,26,,0,1,2,
relief capsules,bigram,26,,0,1,2,
espresso style,bigram,26,,0,1,2,
qualita oro,bigram,26,,0,1,2,
oro ground,bigram,26,,0,1,2,
x27 s,bigram,25,,0,1,2,
body spray,bigram,25,,0,1,2,
wet dog,bigram,25,,0,1,2,
yoghurt pouch,bigram,25,,0,1,2,
virgin canola,bigram,25,,0,1,2,
cap mountain,bigram,25,,0,1,2,
blast zero,bigram,25,,0,1,2,
twitch strawberry,bigram,25,,0,1,2,
strawberry lemonade,bigram,25,,0,1,2,
lemonade energy,bigram,25,,0,1,2,
chip muesli,bigram,25,,0,1,2,
butter envy,bigram,25,,0,1,2,
envy nut,bigram,25,,0,1,2,
butter filled,bigram,25,,0,1,2,
extra tough,bigram,25,,0,1,2,
tough waterproof,bigram,25,,0,1,2,
waterproof strips,bigram,25,,0,1,2,
eucalyptus water,bigram,25,,0,1,2,
chip peanut,bigram,25,,0,1,2,
butter balls,bigram,25,,0,1,2,
food bottle,bigram,25,,0,1,2,
bottle duck,bigram,25,,0,1,2,
duck egg,bigram,25,,0,1,2,
egg 210ml,bigram,25,,0,1,2,
minis milk,bigram,25,,0,1,2,
protein caramel,bigram,25,,0,1,2,
noodles chicken,bigram,25,,0,1,2,
bags caramel,bigram,25,,0,1,2,
ion4 gold,bigram,25,,0,1,2,
usb c,bigram,25,,0,1,2,
disney toy,bigram,25,,0,1,2,
toy story,bigram,25,,0,1,2,
story fruit,bigram,25,,0,1,2,
crisps apple,bigram,25,,0,1,2,
watermelon shine,bigram,25,,0,1,2,
chocolate fun,bigram,25,,0,1,2,
fun size,bigram,25,,0,1,2,
size share,bigram,25,,0,1,2,
minute curry,bigram,25,,0,1,2,
curry instant,bigram,25,,0,1,2,
noodles 5,bigram,25,,0,1,2,
energy strawberry,bigram,25,,0,1,2,
strawberry cans,bigram,25,,0,1,2,
max gel,bigram,25,,0,1,2,
gel drain,bigram,25,,0,1,2,
aussie lamington,bigram,25,,0,1,2,
lamington raspberry,bigram,25,,0,1,2,
raspberry jam,bigram,25,,0,1,2,
jam filled,bigram,25,,0,1,2,
holy hazelnut,bigram,25,,0,1,2,
hazelnut hazelnut,bigram,25,,0,1,2,
chocolate filled,bigram,25,,0,1,2,
protein raspberry,bigram,25,,0,1,2,
raspberry goji,bigram,25,,0,1,2,
goji white,bigram,25,,0,1,2,
drink peachy,bigram,25,,0,1,2,
keen 4x500ml,bigram,25,,0,1,2,
caramel peanut,bigram,25,,0,1,2,
balm hydro,bigram,25,,0,1,2,
hydro care,bigram,25,,0,1,2,
extra paracetamol,bigram,25,,0,1,2,
relief caplets,bigram,25,,0,1,2,
liquid paracetamol,bigram,25,,0,1,2,
creme custard,bigram,25,,0,1,2,
custard balls,bigram,25,,0,1,2,
italian espresso,bigram,25,,0,1,2,
style coffee,bigram,25,,0,1,2,
bags 8,bigram,25,,0,1,2,
balm strawberry,bigram,25,,0,1,2,
strawberry shine,bigram,25,,0,1,2,
cheese dip,bigram,25,,0,1,2,
charlottes fix,bigram,25,,0,1,2,
fix mylk,bigram,25,,0,1,2,
mylk chocolate,bigram,25,,0,1,2,
bars 4x40g,bigram,25,,0,1,2,
cacao brownie,bigram,25,,0,1,2,
smooshed raspberry,bigram,25,,0,1,2,
raspberry brownie,bigram,25,,0,1,2,
custard filled,bigram,25,,0,1,2,
cabernet sauvignon,bigram,24,,0,1,2,
chewy choc,bigram,24,,0,1,2,
rainbow berry,bigram,24,,0,1,2,
berry berry,bigram,24,,0,1,2,
berry roll,bigram,24,,0,1,2,
kitchen max,bigram,24,,0,1,2,
assorted sensitive,bigram,24,,0,1,2,
sensitive strips,bigram,24,,0,1,2,
twitch grape,bigram,24,,0,1,2,
grape energy,bigram,24,,0,1,2,
balls berry,bigram,24,,0,1,2,
berry cashew,bigram,24,,0,1,2,
cashew cacao,bigram,24,,0,1,2,
crispy milk,bigram,24,,0,1,2,
body lotion,bigram,24,,0,1,2,
balls cacao,bigram,24,,0,1,2,
instant coffee,bigram,23,,0,1,2,
cracker biscuits,bigram,23,,0,1,2,
anti dandruff,bigram,23,,0,1,2,
6 months,bigram,23,,0,1,2,
oven cleaner,bigram,23,,0,1,2,
rice pouch,bigram,23,,0,1,2,
drink bottle,bigram,23,,0,1,2,
drink multipack,bigram,23,,0,1,2,
balm repair,bigram,23,,0,1,2,
protect spf15,bigram,23,,0,1,2,
air freshener,bigram,22,,0,1,2,
dandruff shampoo,bigram,22,,0,1,2,
cola can,bigram,22,,0,1,2,
women s,bigram,22,,0,1,2,
corn chips,bigram,21,,0,1,2,
adult wet,bigram,21,,0,1,2,
stir fry,bigram,21,,0,1,2,
pinot grigio,bigram,21,,0,1,2,
coffee capsules,bigram,21,,0,1,2,
butter chicken,bigram,20,,0,1,2,
sweet chilli,bigram,20,,0,1,2,
no sugar,bigram,20,,0,1,2,
sauvignon 750ml,bigram,20,,0,1,2,
lemon lime,bigram,20,,0,1,2,
deodorant body,bigram,19,,0,1,2,
multipack cans,bigram,19,,0,1,2,
electric toothbrush,bigram,19,,0,1,2,
laundry liquid,bigram,19,,0,1,2,
8 months,bigram,19,,0,1,2,
ale can,bigram,19,,0,1,2,
scotch whisky,bigram,19,,0,1,2,
argan oil,bigram,18,,0,1,2,
deep clean,bigram,18,,0,1,2,
gin 700ml,bigram,18,,0,1,2,
flavoured milk,bigram,18,,0,1,2,
whitening toothpaste,bigram,18,,0,1,2,
fragrance free,bigram,17,,0,1,2,
olive oil,bigram,17,,0,1,2,
pale ale,bigram,17,,0,1,2,
true match,bigram,17,,0,1,2,
dry dog,bigram,17,,0,1,2,
plant based,bigram,17,,0,1,2,
rice cakes,bigram,17,,0,1,2,
high protein,bigram,17,,0,1,2,
wet cat,bigram,17,,0,1,2,
lactose free,bigram,16,,0,1,2,
can 355ml,bigram,16,,0,1,2,
vitamin d,bigram,16,,0,1,2,
men s,bigram,16,,0,1,2,
10 months,bigram,16,,0,1,2,
chewing gum,bigram,16,,0,1,2,
compatible coffee,bigram,16,,0,1,2,
greek yogurt,bigram,16,,0,1,2,
nespresso compatible,bigram,16,,0,1,2,
pouch 4,bigram,16,,0,1,2,
sunscreen spf,bigram,16,,0,1,2,
nv 750ml,bigram,16,,0,1,2,
whisky 700ml,bigram,16,,0,1,2,
chicken curry,bigram,15,,0,1,2,
tomato sauce,bigram,15,,0,1,2,
sweet potato,bigram,15,,0,1,2,
4 months,bigram,15,,0,1,2,
rice crackers,bigram,15,,0,1,2,
grigio 750ml,bigram,15,,0,1,2,
cheddar cheese,bigram,14,,0,1,2,
women deodorant,bigram,14,,0,1,2,
chicken breast,bigram,14,,0,1,2,
low carb,bigram,14,,0,1,2,
laundry capsules,bigram,14,,0,1,2,
greek style,bigram,14,,0,1,2,
dog treats,bigram,14,,0,1,2,
sunscreen lotion,bigram,14,,0,1,2,
serves 2,bigram,14,,0,1,2,
men deodorant,bigram,14,,0,1,2,
iced coffee,bigram,14,,0,1,2,
high strength,bigram,14,,0,1,2,
total active,bigram,13,,0,1,2,
active prevention,bigram,13,,0,1,2,
brown rice,bigram,13,,0,1,2,
375ml 10,bigram,13,,0,1,2,
deo roll,bigram,13,,0,1,2,
honey soy,bigram,13,,0,1,2,
simmer sauce,bigram,13,,0,1,2,
shampoo conditioner,bigram,13,,0,1,2,
protein powder,bigram,13,,0,1,2,
lightly sparkling,bigram,13,,0,1,2,
vita gummies,bigram,13,,0,1,2,
lynx deodorant,bigram,12,,0,1,2,
rspca approved,bigram,12,,0,1,2,
drink can,bigram,12,,0,1,2,
latte coffee,bigram,12,,0,1,2,
clean electric,bigram,12,,0,1,2,
aloe vera,bigram,12,,0,1,2,
salt vinegar,bigram,12,,0,1,2,
match liquid,bigram,12,,0,1,2,
liquid foundation,bigram,12,,0,1,2,
pouch 6,bigram,12,,0,1,2,
olia hair,bigram,12,,0,1,2,
luminous oils,bigram,12,,0,1,2,
free chewing,bigram,12,,0,1,2,
toilet cleaner,bigram,12,,0,1,2,
shapes cracker,bigram,12,,0,1,2,
sparkling water,bigram,12,,0,1,2,
ginger beer,bigram,12,,0,1,2,
naturals body,bigram,12,,0,1,2,
key nutrients,bigram,12,,0,1,2,
permanent hair,bigram,12,,0,1,2,
infusions tea,bigram,12,,0,1,2,
nappy pants,bigram,12,,0,1,2,
sugar soft,bigram,12,,0,1,2,
smooth silky,bigram,12,,0,1,2,
bladder leaks,bigram,12,,0,1,2,
cherry blossom,bigram,11,,0,1,2,
hayfever allergy,bigram,11,,0,1,2,
allergy relief,bigram,11,,0,1,2,
spray 48hr,bigram,11,,0,1,2,
nivea shower,bigram,11,,0,1,2,
ultra thin,bigram,11,,0,1,2,
peri peri,bigram,11,,0,1,2,
1 laundry,bigram,11,,0,1,2,
free range,bigram,11,,0,1,2,
lemonade soft,bigram,11,,0,1,2,
toothbrush replacement,bigram,11,,0,1,2,
liqueur 700ml,bigram,11,,0,1,2,
aerosol deodorant,bigram,11,,0,1,2,
sensitive skin,bigram,11,,0,1,2,
chocolate biscuits,bigram,11,,0,1,2,
adult all,bigram,11,,0,1,2,
deo aero,bigram,11,,0,1,2,
chocolate coated,bigram,11,,0,1,2,
pinot gris,bigram,11,,0,1,2,
cleaner rim,bigram,11,,0,1,2,
rim block,bigram,11,,0,1,2,
yogurt pouch,bigram,11,,0,1,2,
lager can,bigram,11,,0,1,2,
antiperspirant deodorant,bigram,11,,0,1,2,
nothing else,bigram,11,,0,1,2,
else baby,bigram,11,,0,1,2,
sharepack 12,bigram,11,,0,1,2,
country ladle,bigram,11,,0,1,2,
ladle soup,bigram,11,,0,1,2,
dishwashing liquid,bigram,11,,0,1,2,
sunscreen spray,bigram,11,,0,1,2,
breakfast cereal,bigram,11,,0,1,2,
air wick,bigram,10,,0,1,2,
cookie sandwich,bigram,10,,0,1,2,
life botanics,bigram,10,,0,1,2,
oat milk,bigram,10,,0,1,2,
hair skin,bigram,10,,0,1,2,
frozen chicken,bigram,10,,0,1,2,
adult dry,bigram,10,,0,1,2,
fabric conditioner,bigram,10,,0,1,2,
pro v,bigram,10,,0,1,2,
gum care,bigram,10,,0,1,2,
spice mix,bigram,10,,0,1,2,
s multivitamin,bigram,10,,0,1,2,
cream tub,bigram,10,,0,1,2,
fruit drink,bigram,10,,0,1,2,
vanilla bean,bigram,10,,0,1,2,
all breeds,bigram,10,,0,1,2,
bone health,bigram,10,,0,1,2,
tempranillo 750ml,bigram,10,,0,1,2,
gris 750ml,bigram,10,,0,1,2,
chips share,bigram,10,,0,1,2,
biscuits original,bigram,10,,0,1,2,
cheese slices,bigram,10,,0,1,2,
chunky soup,bigram,10,,0,1,2,
deodorant 96hr,bigram,10,,0,1,2,
jelly crystals,bigram,10,,0,1,2,
daily essentials,bigram,10,,0,1,2,
fry sauce,bigram,10,,0,1,2,
cream chives,bigram,10,,0,1,2,
2m usb,bigram,10,,0,1,2,
coffee beans,bigram,10,,0,1,2,
slow cooked,bigram,10,,0,1,2,
cooking sauce,bigram,10,,0,1,2,
single malt,bigram,10,,0,1,2,
orange soft,bigram,10,,0,1,2,
1 anti,bigram,10,,0,1,2,
tanning foam,bigram,9,,0,1,2,
telfast hayfever,bigram,9,,0,1,2,
hot chilli,bigram,9,,0,1,2,
noodle cup,bigram,9,,0,1,2,
creamy chicken,bigram,9,,0,1,2,
cans 6x250ml,bigram,9,,0,1,2,
cans 375ml,bigram,9,,0,1,2,
coconut oil,bigram,9,,0,1,2,
deodorant 72hr,bigram,9,,0,1,2,
72hr advanced,bigram,9,,0,1,2,
advanced aerosol,bigram,9,,0,1,2,
pads regular,bigram,9,,0,1,2,
dental floss,bigram,9,,0,1,2,
chilli sauce,bigram,9,,0,1,2,
96hr clinical,bigram,9,,0,1,2,
salad kit,bigram,9,,0,1,2,
merlot 750ml,bigram,9,,0,1,2,
bb cream,bigram,9,,0,1,2,
hydro boost,bigram,9,,0,1,2,
custard pouch,bigram,9,,0,1,2,
cask 4l,bigram,9,,0,1,2,
c cable,bigram,9,,0,1,2,
room spray,bigram,9,,0,1,2,
thick creamy,bigram,9,,0,1,2,
limited edition,bigram,9,,0,1,2,
protein water,bigram,9,,0,1,2,
frozen dessert,bigram,9,,0,1,2,
green tea,bigram,9,,0,1,2,
english breakfast,bigram,9,,0,1,2,
white choc,bigram,9,,0,1,2,
brewed drink,bigram,9,,0,1,2,
marlborough sauvignon,bigram,9,,0,1,2,
leg ham,bigram,9,,0,1,2,
ultrathin pads,bigram,9,,0,1,2,
always fresh,bigram,8,,0,1,2,
satay chicken,bigram,8,,0,1,2,
bowl 350g,bigram,8,,0,1,2,
self tanning,bigram,8,,0,1,2,
cheese block,bigram,8,,0,1,2,
kalamata olives,bigram,8,,0,1,2,
approved chicken,bigram,8,,0,1,2,
fish oil,bigram,8,,0,1,2,
12 months,bigram,8,,0,1,2,
cones 4,bigram,8,,0,1,2,
cookies cream,bigram,8,,0,1,2,
replacement heads,bigram,8,,0,1,2,
bbq sauce,bigram,8,,0,1,2,
razor blade,bigram,8,,0,1,2,
chocolate sharepack,bigram,8,,0,1,2,
bar choc,bigram,8,,0,1,2,
moisture renewal,bigram,8,,0,1,2,
marvellous creations,bigram,8,,0,1,2,
crinkle cut,bigram,8,,0,1,2,
bio renew,bigram,8,,0,1,2,
coconut milk,bigram,8,,0,1,2,
essential oils,bigram,8,,0,1,2,
clean balanced,bigram,8,,0,1,2,
skin nails,bigram,8,,0,1,2,
shea butter,bigram,8,,0,1,2,
ultiboost magnesium,bigram,8,,0,1,2,
smooth sleek,bigram,8,,0,1,2,
grenache 750ml,bigram,8,,0,1,2,
hommus dip,bigram,8,,0,1,2,
mini rice,bigram,8,,0,1,2,
hyaluronic acid,bigram,8,,0,1,2,
milk drink,bigram,8,,0,1,2,
coconut water,bigram,8,,0,1,2,
ultiboost high,bigram,8,,0,1,2,
strawberry yoghurt,bigram,8,,0,1,2,
vanilla soft,bigram,8,,0,1,2,
insect repellent,bigram,8,,0,1,2,
intensive care,bigram,8,,0,1,2,
72hr antiperspirant,bigram,8,,0,1,2,
cracked pepper,bigram,8,,0,1,2,
drink 10x375ml,bigram,8,,0,1,2,
soup pouch,bigram,8,,0,1,2,
block can,bigram,8,,0,1,2,
size 6,bigram,8,,0,1,2,
brief black,bigram,8,,0,1,2,
1 years,bigram,8,,0,1,2,
soy chicken,bigram,8,,0,1,2,
deodorant 48hr,bigram,8,,0,1,2,
48hr aerosol,bigram,8,,0,1,2,
balsamic vinegar,bigram,8,,0,1,2,
espresso coffee,bigram,8,,0,1,2,
malt scotch,bigram,8,,0,1,2,
spf50 sunscreen,bigram,8,,0,1,2,
dairy free,bigram,8,,0,1,2,
malbec 750ml,bigram,8,,0,1,2,
pouch 8,bigram,8,,0,1,2,
classic soft,bigram,8,,0,1,2,
sparkling cuvee,bigram,8,,0,1,2,
whiskey 700ml,bigram,8,,0,1,2,
bottle 375ml,bigram,8,,0,1,2,
milk 1l,bigram,7,,0,1,2,
wild tides,bigram,7,,0,1,2,
tides tuna,bigram,7,,0,1,2,
antihistamine tablets,bigram,7,,0,1,2,
margarine spread,bigram,7,,0,1,2,
dishwashing tablets,bigram,7,,0,1,2,
stone baked,bigram,7,,0,1,2,
roast chicken,bigram,7,,0,1,2,
food can,bigram,7,,0,1,2,
daily moisture,bigram,7,,0,1,2,
baked beans,bigram,7,,0,1,2,
caramelised onion,bigram,7,,0,1,2,
mixed berry,bigram,7,,0,1,2,
range chicken,bigram,7,,0,1,2,
virgin olive,bigram,7,,0,1,2,
drink cans,bigram,7,,0,1,2,
derma control,bigram,7,,0,1,2,
intense protection,bigram,7,,0,1,2,
sensitive razor,bigram,7,,0,1,2,
petit miam,bigram,7,,0,1,2,
dry gin,bigram,7,,0,1,2,
blend coffee,bigram,7,,0,1,2,
soft toothbrush,bigram,7,,0,1,2,
chocolate bites,bigram,7,,0,1,2,
chicken rice,bigram,7,,0,1,2,
cream cheese,bigram,7,,0,1,2,
lunch box,bigram,7,,0,1,2,
multipack poppers,bigram,7,,0,1,2,
poppers 6x250ml,bigram,7,,0,1,2,
tim tam,bigram,7,,0,1,2,
caramel latte,bigram,7,,0,1,2,
soup creamy,bigram,7,,0,1,2,
purple toning,bigram,7,,0,1,2,
salt reduced,bigram,7,,0,1,2,
health support,bigram,7,,0,1,2,
tissue mask,bigram,7,,0,1,2,
keratin smooth,bigram,7,,0,1,2,
food puree,bigram,7,,0,1,2,
puree pouch,bigram,7,,0,1,2,
cans 10x375ml,bigram,7,,0,1,2,
riesling 750ml,bigram,7,,0,1,2,
hour express,bigram,7,,0,1,2,
sugar cola,bigram,7,,0,1,2,
dairy gluten,bigram,7,,0,1,2,
eye cream,bigram,7,,0,1,2,
lotion spf,bigram,7,,0,1,2,
rice cracker,bigram,7,,0,1,2,
prosecco 750ml,bigram,7,,0,1,2,
multipack mini,bigram,7,,0,1,2,
mini cans,bigram,7,,0,1,2,
kids logo,bigram,7,,0,1,2,
cheese bacon,bigram,7,,0,1,2,
brief size,bigram,7,,0,1,2,
clinical protection,bigram,7,,0,1,2,
sugar can,bigram,7,,0,1,2,
paris true,bigram,7,,0,1,2,
apple cider,bigram,7,,0,1,2,
rum 700ml,bigram,7,,0,1,2,
period underwear,bigram,7,,0,1,2,
moisturising body,bigram,7,,0,1,2,
freshener refill,bigram,7,,0,1,2,
hair food,bigram,7,,0,1,2,
chilli lime,bigram,7,,0,1,2,
extra strength,bigram,7,,0,1,2,
pub size,bigram,7,,0,1,2,
complete care,bigram,7,,0,1,2,
pants size,bigram,7,,0,1,2,
earl grey,bigram,7,,0,1,2,
grey tea,bigram,7,,0,1,2,
recipe bases,bigram,7,,0,1,2,
turkish delight,bigram,7,,0,1,2,
antibacterial hand,bigram,7,,0,1,2,
soft protein,bigram,7,,0,1,2,
classic collection,bigram,7,,0,1,2,
real fit,bigram,7,,0,1,2,
fit incontinence,bigram,7,,0,1,2,
incontinence underwear,bigram,7,,0,1,2,
cask 2l,bigram,7,,0,1,2,
antiperspirant aerosol,bigram,7,,0,1,2,
sunscreen spf50,bigram,7,,0,1,2,
pink gin,bigram,7,,0,1,2,
super dry,bigram,7,,0,1,2,
concentrate liquid,bigram,7,,0,1,2,
messy monkey,bigram,6,,0,1,2,
basmati rice,bigram,6,,0,1,2,
campbell x27,bigram,6,,0,1,2,
s condensed,bigram,6,,0,1,2,
condensed soup,bigram,6,,0,1,2,
super nature,bigram,6,,0,1,2,
wellness bowl,bigram,6,,0,1,2,
pad thai,bigram,6,,0,1,2,
low fat,bigram,6,,0,1,2,
botanics powder,bigram,6,,0,1,2,
mexican style,bigram,6,,0,1,2,
moisture coconut,bigram,6,,0,1,2,
bakery stone,bigram,6,,0,1,2,
daily moisturising,bigram,6,,0,1,2,
life space,bigram,6,,0,1,2,
naturals hand,bigram,6,,0,1,2,
bags 100,bigram,6,,0,1,2,
immune support,bigram,6,,0,1,2,
pouch strawberry,bigram,6,,0,1,2,
medium roast,bigram,6,,0,1,2,
cocoa dark,bigram,6,,0,1,2,
one adult,bigram,6,,0,1,2,
beef stroganoff,bigram,6,,0,1,2,
stain remover,bigram,6,,0,1,2,
red blend,bigram,6,,0,1,2,
blend 750ml,bigram,6,,0,1,2,
beef pie,bigram,6,,0,1,2,
mango yoghurt,bigram,6,,0,1,2,
sauv blanc,bigram,6,,0,1,2,
nothing but,bigram,6,,0,1,2,
sheer pantyhose,bigram,6,,0,1,2,
pantyhose slim,bigram,6,,0,1,2,
lasting finish,bigram,6,,0,1,2,
finish 35h,bigram,6,,0,1,2,
35h foundation,bigram,6,,0,1,2,
vitamin e,bigram,6,,0,1,2,
body bar,bigram,6,,0,1,2,
chicken vegetables,bigram,6,,0,1,2,
super serum,bigram,6,,0,1,2,
kids gummies,bigram,6,,0,1,2,
night cream,bigram,6,,0,1,2,
micellar water,bigram,6,,0,1,2,
cookie dough,bigram,6,,0,1,2,
baby wipes,bigram,6,,0,1,2,
black size,bigram,6,,0,1,2,
microwave popcorn,bigram,6,,0,1,2,
selection cat,bigram,6,,0,1,2,
calcium vitamin,bigram,6,,0,1,2,
logo low,bigram,6,,0,1,2,
low cut,bigram,6,,0,1,2,
size 3,bigram,6,,0,1,2,
aero female,bigram,6,,0,1,2,
lindor milk,bigram,6,,0,1,2,
chocolate bag,bigram,6,,0,1,2,
strawberries cream,bigram,6,,0,1,2,
logo light,bigram,6,,0,1,2,
vegan natural,bigram,6,,0,1,2,
natural deo,bigram,6,,0,1,2,
mini meal,bigram,6,,0,1,2,
invisible black,bigram,6,,0,1,2,
boost hyaluronic,bigram,6,,0,1,2,
razor kit,bigram,6,,0,1,2,
aluminium nespresso,bigram,6,,0,1,2,
honey mustard,bigram,6,,0,1,2,
manuka honey,bigram,6,,0,1,2,
ultivite men,bigram,6,,0,1,2,
bars 4,bigram,6,,0,1,2,
total effects,bigram,6,,0,1,2,
apple juice,bigram,6,,0,1,2,
microsafe easy,bigram,6,,0,1,2,
easy heat,bigram,6,,0,1,2,
6 can,bigram,6,,0,1,2,
lotion moisturiser,bigram,6,,0,1,2,
replacement head,bigram,6,,0,1,2,
potato bake,bigram,6,,0,1,2,
deodorant roll,bigram,6,,0,1,2,
cider bottle,bigram,6,,0,1,2,
natural mineral,bigram,6,,0,1,2,
mascara black,bigram,6,,0,1,2,
s razor,bigram,6,,0,1,2,
freshener room,bigram,6,,0,1,2,
whey protein,bigram,6,,0,1,2,
lotion intensive,bigram,6,,0,1,2,
low sugar,bigram,6,,0,1,2,
seriously good,bigram,6,,0,1,2,
invisible dry,bigram,6,,0,1,2,
nutritious snack,bigram,6,,0,1,2,
spray refill,bigram,6,,0,1,2,
chicken potato,bigram,6,,0,1,2,
pasta bake,bigram,6,,0,1,2,
damaged hair,bigram,6,,0,1,2,
lentil soup,bigram,6,,0,1,2,
cable 1m,bigram,6,,0,1,2,
coffee flavoured,bigram,6,,0,1,2,
apple raspberry,bigram,6,,0,1,2,
ultivite women,bigram,6,,0,1,2,
hair mask,bigram,6,,0,1,2,
mid strength,bigram,6,,0,1,2,
min 50ml,bigram,6,,0,1,2,
sleeved herbs,bigram,6,,0,1,2,
apple fresh,bigram,6,,0,1,2,
pads super,bigram,6,,0,1,2,
powder vanilla,bigram,6,,0,1,2,
nappies size,bigram,6,,0,1,2,
kids sunscreen,bigram,6,,0,1,2,
vegetable soup,bigram,6,,0,1,2,
disposable razors,bigram,6,,0,1,2,
micellar cleansing,bigram,6,,0,1,2,
cleansing water,bigram,6,,0,1,2,
sandwich biscuits,bigram,6,,0,1,2,
reduced fat,bigram,6,,0,1,2,
375ml 6,bigram,6,,0,1,2,
size 12,bigram,6,,0,1,2,
whole body,bigram,6,,0,1,2,
chips multipack,bigram,6,,0,1,2,
fine fragrance,bigram,6,,0,1,2,
snap frozen,bigram,6,,0,1,2,
tonic water,bigram,6,,0,1,2,
high performance,bigram,6,,0,1,2,
performance gummies,bigram,6,,0,1,2,
hard cider,bigram,6,,0,1,2,
deli cuts,bigram,6,,0,1,2,
red label,bigram,6,,0,1,2,
fabric softener,bigram,6,,0,1,2,
full cream,bigram,5,,0,1,2,
cream milk,bigram,5,,0,1,2,
sugar yoghurt,bigram,5,,0,1,2,
yoghurt strawberry,bigram,5,,0,1,2,
salad dressing,bigram,5,,0,1,2,
scented oil,bigram,5,,0,1,2,
eco tools,bigram,5,,0,1,2,
tablets 10,bigram,5,,0,1,2,
beans 400g,bigram,5,,0,1,2,
mayver x27,bigram,5,,0,1,2,
herron nicaway,bigram,5,,0,1,2,
nicaway nicotine,bigram,5,,0,1,2,
nicotine lozenge,bigram,5,,0,1,2,
pane di,bigram,5,,0,1,2,
black 165ml,bigram,5,,0,1,2,
beef jerky,bigram,5,,0,1,2,
baby daily,bigram,5,,0,1,2,
moisturising lotion,bigram,5,,0,1,2,
tea tree,bigram,5,,0,1,2,
sandwich bags,bigram,5,,0,1,2,
lime juice,bigram,5,,0,1,2,
wash milk,bigram,5,,0,1,2,
double choc,bigram,5,,0,1,2,
wash sea,bigram,5,,0,1,2,
chicken noodle,bigram,5,,0,1,2,
gummies vitamin,bigram,5,,0,1,2,
magnesium glycinate,bigram,5,,0,1,2,
freeze dried,bigram,5,,0,1,2,
classic vanilla,bigram,5,,0,1,2,
dry cat,bigram,5,,0,1,2,
three cheese,bigram,5,,0,1,2,
pancake shake,bigram,5,,0,1,2,
smooth sensitive,bigram,5,,0,1,2,
blade refills,bigram,5,,0,1,2,
cake mix,bigram,5,,0,1,2,
vinegar potato,bigram,5,,0,1,2,
ultra gentle,bigram,5,,0,1,2,
colouring pencils,bigram,5,,0,1,2,
sensitive pro,bigram,5,,0,1,2,
pro relief,bigram,5,,0,1,2,
fully loaded,bigram,5,,0,1,2,
original lemon,bigram,5,,0,1,2,
lemon soft,bigram,5,,0,1,2,
cans multipack,bigram,5,,0,1,2,
venus comfortglide,bigram,5,,0,1,2,
men aerosol,bigram,5,,0,1,2,
coffee bag,bigram,5,,0,1,2,
crawling insect,bigram,5,,0,1,2,
unscented liners,bigram,5,,0,1,2,
ultimate laundry,bigram,5,,0,1,2,
garlic stir,bigram,5,,0,1,2,
pizza base,bigram,5,,0,1,2,
cut potato,bigram,5,,0,1,2,
ice tea,bigram,5,,0,1,2,
oil free,bigram,5,,0,1,2,
ale bottle,bigram,5,,0,1,2,
shiraz cabernet,bigram,5,,0,1,2,
cabernet 750ml,bigram,5,,0,1,2,
wall charger,bigram,5,,0,1,2,
2 blade,bigram,5,,0,1,2,
spaghetti bolognese,bigram,5,,0,1,2,
pimple patch,bigram,5,,0,1,2,
sausage roll,bigram,5,,0,1,2,
choc caramel,bigram,5,,0,1,2,
tam chocolate,bigram,5,,0,1,2,
breeds dry,bigram,5,,0,1,2,
tequila 700ml,bigram,5,,0,1,2,
oils macadamia,bigram,5,,0,1,2,
size 10,bigram,5,,0,1,2,
chocolate ice,bigram,5,,0,1,2,
weight loss,bigram,5,,0,1,2,
loss shake,bigram,5,,0,1,2,
womens logo,bigram,5,,0,1,2,
3 8,bigram,5,,0,1,2,
disposables razor,bigram,5,,0,1,2,
professional clean,bigram,5,,0,1,2,
real stock,bigram,5,,0,1,2,
itchy scalp,bigram,5,,0,1,2,
taste collection,bigram,5,,0,1,2,
5 star,bigram,5,,0,1,2,
yoghurt brekkie,bigram,5,,0,1,2,
active toilet,bigram,5,,0,1,2,
pouch vanilla,bigram,5,,0,1,2,
rice pudding,bigram,5,,0,1,2,
cold blended,bigram,5,,0,1,2,
blended paste,bigram,5,,0,1,2,
banana bread,bigram,5,,0,1,2,
chicken simmer,bigram,5,,0,1,2,
hydrabomb tissue,bigram,5,,0,1,2,
milk caramello,bigram,5,,0,1,2,
soda water,bigram,5,,0,1,2,
classic mixers,bigram,5,,0,1,2,
sugar lemonade,bigram,5,,0,1,2,
sugar kids,bigram,5,,0,1,2,
kids yogurt,bigram,5,,0,1,2,
brioche burger,bigram,5,,0,1,2,
sugar added,bigram,5,,0,1,2,
double espresso,bigram,5,,0,1,2,
boxed chocolate,bigram,5,,0,1,2,
meal baby,bigram,5,,0,1,2,
custard 6,bigram,5,,0,1,2,
kit kat,bigram,5,,0,1,2,
organic frozen,bigram,5,,0,1,2,
1 hour,bigram,5,,0,1,2,
ultra dark,bigram,5,,0,1,2,
face day,bigram,5,,0,1,2,
day wear,bigram,5,,0,1,2,
double stuff,bigram,5,,0,1,2,
artisan crackers,bigram,5,,0,1,2,
3 years,bigram,5,,0,1,2,
aero men,bigram,5,,0,1,2,
luminous niacinamide,bigram,5,,0,1,2,
fat free,bigram,5,,0,1,2,
less sugar,bigram,5,,0,1,2,
cable black,bigram,5,,0,1,2,
red box,bigram,5,,0,1,2,
box tray,bigram,5,,0,1,2,
pouch 99,bigram,5,,0,1,2,
99 9,bigram,5,,0,1,2,
dark roast,bigram,5,,0,1,2,
cream anti,bigram,5,,0,1,2,
anti age,bigram,5,,0,1,2,
fried rice,bigram,5,,0,1,2,
boostcharge usb,bigram,5,,0,1,2,
bags 10,bigram,5,,0,1,2,
quarter crew,bigram,5,,0,1,2,
pick up,bigram,5,,0,1,2,
up sticks,bigram,5,,0,1,2,
sensitive clean,bigram,5,,0,1,2,
advanced deodorant,bigram,5,,0,1,2,
tawny 750ml,bigram,5,,0,1,2,
lime bitters,bigram,5,,0,1,2,
50 sunscreen,bigram,5,,0,1,2,
mineral water,bigram,5,,0,1,2,
grain free,bigram,5,,0,1,2,
fried chicken,bigram,5,,0,1,2,
c brightening,bigram,5,,0,1,2,
thinly sliced,bigram,5,,0,1,2,
ultra dry,bigram,5,,0,1,2,
dry nappy,bigram,5,,0,1,2,
chicken mince,bigram,5,,0,1,2,
weed kill,bigram,5,,0,1,2,
peppermint sugar,bigram,5,,0,1,2,
chilli con,bigram,5,,0,1,2,
ultra men,bigram,5,,0,1,2,
water crackers,bigram,5,,0,1,2,
extra large,bigram,5,,0,1,2,
fructis coconut,bigram,5,,0,1,2,
regenerist collagen,bigram,5,,0,1,2,
peptide 24,bigram,5,,0,1,2,
automatic air,bigram,5,,0,1,2,
dry sensitive,bigram,5,,0,1,2,
fructis hair,bigram,5,,0,1,2,
stock pot,bigram,5,,0,1,2,
98 sugar,bigram,5,,0,1,2,
hand cream,bigram,5,,0,1,2,
whisky 1l,bigram,5,,0,1,2,
drink 4x250ml,bigram,5,,0,1,2,
cleaning wipes,bigram,5,,0,1,2,
aerosol free,bigram,5,,0,1,2,
automatic spray,bigram,5,,0,1,2,
italian style,bigram,5,,0,1,2,
lightly dried,bigram,5,,0,1,2,
apple blackcurrant,bigram,5,,0,1,2,
7 months,bigram,5,,0,1,2,
goats milk,bigram,5,,0,1,2,
grain waves,bigram,5,,0,1,2,
style chicken,bigram,5,,0,1,2,
sweet salty,bigram,5,,0,1,2,
cross action,bigram,5,,0,1,2,
cold pressed,bigram,5,,0,1,2,
miracle oil,bigram,5,,0,1,2,
fruit juice,bigram,5,,0,1,2,
years wet,bigram,5,,0,1,2,
50 multivitamin,bigram,5,,0,1,2,
regenerist retinol24,bigram,5,,0,1,2,
size 5,bigram,5,,0,1,2,
thai green,bigram,5,,0,1,2,
energy can,bigram,5,,0,1,2,
sun protect,bigram,5,,0,1,2,
protect moisture,bigram,5,,0,1,2,
cleansing wipes,bigram,5,,0,1,2,
fresh toothpaste,bigram,5,,0,1,2,
cordial zero,bigram,5,,0,1,2,
bags 50,bigram,5,,0,1,2,
3 5,bigram,5,,0,1,2,
medium toothbrush,bigram,5,,0,1,2,
extra creamy,bigram,5,,0,1,2,
diffuser refill,bigram,5,,0,1,2,
plant protein,bigram,5,,0,1,2,
cuvee 750ml,bigram,5,,0,1,2,
cream onion,bigram,5,,0,1,2,
delight chocolate,bigram,5,,0,1,2,
vanilla himalayan,bigram,5,,0,1,2,
himalayan magnolia,bigram,5,,0,1,2,
chocolate cornet,bigram,5,,0,1,2,
hyaluronic aloe,bigram,5,,0,1,2,
lean beef,bigram,5,,0,1,2,
pouch soup,bigram,5,,0,1,2,
clean toothpaste,bigram,5,,0,1,2,
mini pizza,bigram,5,,0,1,2,
black tea,bigram,5,,0,1,2,
breakfast tea,bigram,5,,0,1,2,
lemon ginger,bigram,5,,0,1,2,
cream mini,bigram,5,,0,1,2,
collection adult,bigram,5,,0,1,2,
meat free,bigram,5,,0,1,2,
lime can,bigram,5,,0,1,2,
paris infallible,bigram,5,,0,1,2,
wellness shot,bigram,5,,0,1,2,
muscle health,bigram,5,,0,1,2,
chilli sour,bigram,5,,0,1,2,
soda syrup,bigram,5,,0,1,2,
chocolate brownie,bigram,5,,0,1,2,
cappuccino coffee,bigram,5,,0,1,2,
mocha coffee,bigram,5,,0,1,2,
grass fed,bigram,5,,0,1,2,
body deodorant,bigram,5,,0,1,2,
school snacks,bigram,5,,0,1,2,
dry can,bigram,5,,0,1,2,
lager bottle,bigram,5,,0,1,2,
adult gummies,bigram,5,,0,1,2,
gift box,bigram,5,,0,1,2,
dry bottle,bigram,5,,0,1,2,
bottle 355ml,bigram,5,,0,1,2,
foaming hand,bigram,5,,0,1,2,
gravy mix,bigram,5,,0,1,2,
family pizza,bigram,5,,0,1,2,
day cream,bigram,5,,0,1,2,
lemon myrtle,bigram,5,,0,1,2,
spf 30,bigram,5,,0,1,2,
hot sauce,bigram,5,,0,1,2,
dry scalp,bigram,5,,0,1,2,
optic white,bigram,5,,0,1,2,
banana apple,bigram,5,,0,1,2,
sweet sour,bigram,5,,0,1,2,
softener conditioner,bigram,5,,0,1,2,
red tractor,bigram,4,,0,1,2,
tractor farmers,bigram,4,,0,1,2,
farmers market,bigram,4,,0,1,2,
s kitchen,bigram,4,,0,1,2,
liddells lactose,bigram,4,,0,1,2,
free full,bigram,4,,0,1,2,
danone activia,bigram,4,,0,1,2,
activia probiotics,bigram,4,,0,1,2,
probiotics no,bigram,4,,0,1,2,
4x125g 500g,bigram,4,,0,1,2,
can cream,bigram,4,,0,1,2,
nature frozen,bigram,4,,0,1,2,
black beans,bigram,4,,0,1,2,
bars 5,bigram,4,,0,1,2,
fat milk,bigram,4,,0,1,2,
salmon portions,bigram,4,,0,1,2,
portions skin,bigram,4,,0,1,2,
zyrtec rapid,bigram,4,,0,1,2,
rapid acting,bigram,4,,0,1,2,
acting hayfever,bigram,4,,0,1,2,
relief antihistamine,bigram,4,,0,1,2,
extra hot,bigram,4,,0,1,2,
fruit puree,bigram,4,,0,1,2,
moxie pads,bigram,4,,0,1,2,
pads organic,bigram,4,,0,1,2,
sri lankan,bigram,4,,0,1,2,
green olives,bigram,4,,0,1,2,
di casa,bigram,4,,0,1,2,
casa 1,bigram,4,,0,1,2,
hayfever relief,bigram,4,,0,1,2,
relief 180mg,bigram,4,,0,1,2,
bbq rub,bigram,4,,0,1,2,
48hr black,bigram,4,,0,1,2,
aveeno baby,bigram,4,,0,1,2,
space probiotic,bigram,4,,0,1,2,
plus protein,bigram,4,,0,1,2,
sun harvest,bigram,4,,0,1,2,
juice 200ml,bigram,4,,0,1,2,
organic ultra,bigram,4,,0,1,2,
savoy crackers,bigram,4,,0,1,2,
yoghurt mango,bigram,4,,0,1,2,
oil spray,bigram,4,,0,1,2,
chicken crimpy,bigram,4,,0,1,2,
lemon juice,bigram,4,,0,1,2,
wash refill,bigram,4,,0,1,2,
test kit,bigram,4,,0,1,2,
caramel slice,bigram,4,,0,1,2,
chips sea,bigram,4,,0,1,2,
energy ultra,bigram,4,,0,1,2,
classic medium,bigram,4,,0,1,2,
70 cocoa,bigram,4,,0,1,2,
one small,bigram,4,,0,1,2,
small step,bigram,4,,0,1,2,
dry recipe,bigram,4,,0,1,2,
vanilla yoghurt,bigram,4,,0,1,2,
vodka mixed,bigram,4,,0,1,2,
mixed drink,bigram,4,,0,1,2,
kids yoghurt,bigram,4,,0,1,2,
shapes fully,bigram,4,,0,1,2,
loaded cracker,bigram,4,,0,1,2,
multipack 375ml,bigram,4,,0,1,2,
blue raspberry,bigram,4,,0,1,2,
drink ultra,bigram,4,,0,1,2,
deodorant derma,bigram,4,,0,1,2,
pudding mix,bigram,4,,0,1,2,
curry rice,bigram,4,,0,1,2,
clean soft,bigram,4,,0,1,2,
slim nude,bigram,4,,0,1,2,
caramilk chocolate,bigram,4,,0,1,2,
insect killer,bigram,4,,0,1,2,
liquid detergent,bigram,4,,0,1,2,
40 washes,bigram,4,,0,1,2,
stacked potato,bigram,4,,0,1,2,
renewal shampoo,bigram,4,,0,1,2,
fructis normal,bigram,4,,0,1,2,
normal shampoo,bigram,4,,0,1,2,
visible repair,bigram,4,,0,1,2,
repair retinol,bigram,4,,0,1,2,
milk marvellous,bigram,4,,0,1,2,
organic coconut,bigram,4,,0,1,2,
chocolate flavoured,bigram,4,,0,1,2,
chips party,bigram,4,,0,1,2,
chef series,bigram,4,,0,1,2,
nourish shine,bigram,4,,0,1,2,
water filter,bigram,4,,0,1,2,
liquid lemon,bigram,4,,0,1,2,
italian blend,bigram,4,,0,1,2,
garnished dip,bigram,4,,0,1,2,
dip hommus,bigram,4,,0,1,2,
tikka masala,bigram,4,,0,1,2,
sauce medium,bigram,4,,0,1,2,
razor handle,bigram,4,,0,1,2,
dog treat,bigram,4,,0,1,2,
drink lunch,bigram,4,,0,1,2,
box multipack,bigram,4,,0,1,2,
protein ball,bigram,4,,0,1,2,
biscuits inspired,bigram,4,,0,1,2,
lolly bag,bigram,4,,0,1,2,
strawberry vanilla,bigram,4,,0,1,2,
lightly salted,bigram,4,,0,1,2,
pumpkin soup,bigram,4,,0,1,2,
gum bottle,bigram,4,,0,1,2,
heavy black,bigram,4,,0,1,2,
prevention deep,bigram,4,,0,1,2,
fat blaster,bigram,4,,0,1,2,
blaster weight,bigram,4,,0,1,2,
south coast,bigram,4,,0,1,2,
tomato soup,bigram,4,,0,1,2,
female pearl,bigram,4,,0,1,2,
chicken corn,bigram,4,,0,1,2,
croutons serves,bigram,4,,0,1,2,
fructis curls,bigram,4,,0,1,2,
curls method,bigram,4,,0,1,2,
clean blonde,bigram,4,,0,1,2,
violet purple,bigram,4,,0,1,2,
extra pads,bigram,4,,0,1,2,
non alcoholic,bigram,4,,0,1,2,
vitamin d3,bigram,4,,0,1,2,
blueberry banana,bigram,4,,0,1,2,
natural sweetener,bigram,4,,0,1,2,
lip oil,bigram,4,,0,1,2,
sweet corn,bigram,4,,0,1,2,
cheese supreme,bigram,4,,0,1,2,
southern style,bigram,4,,0,1,2,
xpa can,bigram,4,,0,1,2,
no show,bigram,4,,0,1,2,
show size,bigram,4,,0,1,2,
black pepper,bigram,4,,0,1,2,
ultiboost vitamin,bigram,4,,0,1,2,
creamy classics,bigram,4,,0,1,2,
vanilla ice,bigram,4,,0,1,2,
breeds wet,bigram,4,,0,1,2,
sleek conditioner,bigram,4,,0,1,2,
face sunscreen,bigram,4,,0,1,2,
s roll,bigram,4,,0,1,2,
professional advanced,bigram,4,,0,1,2,
spritz 750ml,bigram,4,,0,1,2,
multipack 8,bigram,4,,0,1,2,
base serves,bigram,4,,0,1,2,
serves 4,bigram,4,,0,1,2,
water bottle,bigram,4,,0,1,2,
sangiovese 750ml,bigram,4,,0,1,2,
organic shiraz,bigram,4,,0,1,2,
yoghurt 4x115g,bigram,4,,0,1,2,
cat treats,bigram,4,,0,1,2,
share topped,bigram,4,,0,1,2,
topped mini,bigram,4,,0,1,2,
baijiu 500ml,bigram,4,,0,1,2,
miracles collagen,bigram,4,,0,1,2,
collagen repair,bigram,4,,0,1,2,
all rounder,bigram,4,,0,1,2,
natural body,bigram,4,,0,1,2,
dip dairy,bigram,4,,0,1,2,
macaroni cheese,bigram,4,,0,1,2,
essentials wash,bigram,4,,0,1,2,
twirl chocolate,bigram,4,,0,1,2,
cabernet merlot,bigram,4,,0,1,2,
laundry powder,bigram,4,,0,1,2,
spearmint sugar,bigram,4,,0,1,2,
classic clean,bigram,4,,0,1,2,
carb high,bigram,4,,0,1,2,
tequila blanco,bigram,4,,0,1,2,
blanco 700ml,bigram,4,,0,1,2,
men deep,bigram,4,,0,1,2,
chicken soup,bigram,4,,0,1,2,
crinkle potato,bigram,4,,0,1,2,
effects cream,bigram,4,,0,1,2,
teriyaki chicken,bigram,4,,0,1,2,
classic loaf,bigram,4,,0,1,2,
popcorn sea,bigram,4,,0,1,2,
9 apple,bigram,4,,0,1,2,
anti perspirant,bigram,4,,0,1,2,
light tint,bigram,4,,0,1,2,
protect shampoo,bigram,4,,0,1,2,
roast instant,bigram,4,,0,1,2,
mince can,bigram,4,,0,1,2,
daily moisturiser,bigram,4,,0,1,2,
bread slices,bigram,4,,0,1,2,
chocolate custard,bigram,4,,0,1,2,
socks size,bigram,4,,0,1,2,
dry hair,bigram,4,,0,1,2,
side dishes,bigram,4,,0,1,2,
moisture rich,bigram,4,,0,1,2,
choc cookie,bigram,4,,0,1,2,
rich thick,bigram,4,,0,1,2,
muffins english,bigram,4,,0,1,2,
sundried tomato,bigram,4,,0,1,2,
almond milk,bigram,4,,0,1,2,
fine hair,bigram,4,,0,1,2,
11 pieces,bigram,4,,0,1,2,
onion dip,bigram,4,,0,1,2,
con carne,bigram,4,,0,1,2,
overnight period,bigram,4,,0,1,2,
underwear brief,bigram,4,,0,1,2,
hazy pale,bigram,4,,0,1,2,
chicken pouch,bigram,4,,0,1,2,
chocolate raspberry,bigram,4,,0,1,2,
men invisible,bigram,4,,0,1,2,
chicken recipe,bigram,4,,0,1,2,
mango passionfruit,bigram,4,,0,1,2,
collagen peptide,bigram,4,,0,1,2,
red wine,bigram,4,,0,1,2,
regenerist cream,bigram,4,,0,1,2,
cream bars,bigram,4,,0,1,2,
live free,bigram,4,,0,1,2,
free pads,bigram,4,,0,1,2,
gold label,bigram,4,,0,1,2,
free automatic,bigram,4,,0,1,2,
multi insect,bigram,4,,0,1,2,
face fluid,bigram,4,,0,1,2,
fluid sunscreen,bigram,4,,0,1,2,
bar caramel,bigram,4,,0,1,2,
rose nv,bigram,4,,0,1,2,
dessert 6,bigram,4,,0,1,2,
slices 5,bigram,4,,0,1,2,
organic sweet,bigram,4,,0,1,2,
frozen ristorante,bigram,4,,0,1,2,
magnesium muscle,bigram,4,,0,1,2,
waves chips,bigram,4,,0,1,2,
sunscreen sport,bigram,4,,0,1,2,
control defend,bigram,4,,0,1,2,
silk hydration,bigram,4,,0,1,2,
hydration sunscreen,bigram,4,,0,1,2,
popcorn chips,bigram,4,,0,1,2,
action electric,bigram,4,,0,1,2,
cider can,bigram,4,,0,1,2,
beef vegetables,bigram,4,,0,1,2,
cream brie,bigram,4,,0,1,2,
coconut miracle,bigram,4,,0,1,2,
dry damaged,bigram,4,,0,1,2,
s 50,bigram,4,,0,1,2,
miracles biotin,bigram,4,,0,1,2,
biotin moisture,bigram,4,,0,1,2,
renewal conditioner,bigram,4,,0,1,2,
bourbon cola,bigram,4,,0,1,2,
s health,bigram,4,,0,1,2,
paris paradise,bigram,4,,0,1,2,
5 12,bigram,4,,0,1,2,
12 17kg,bigram,4,,0,1,2,
2 blades,bigram,4,,0,1,2,
coca cola,bigram,4,,0,1,2,
body oil,bigram,4,,0,1,2,
tender chicken,bigram,4,,0,1,2,
orange zero,bigram,4,,0,1,2,
green curry,bigram,4,,0,1,2,
premium nappy,bigram,4,,0,1,2,
size 4,bigram,4,,0,1,2,
active clean,bigram,4,,0,1,2,
capsules 28,bigram,4,,0,1,2,
28 washes,bigram,4,,0,1,2,
cold flu,bigram,4,,0,1,2,
moisture moisture,bigram,4,,0,1,2,
moisture lock,bigram,4,,0,1,2,
frozen fish,bigram,4,,0,1,2,
fish fillets,bigram,4,,0,1,2,
oven bake,bigram,4,,0,1,2,
bake 6,bigram,4,,0,1,2,
small batch,bigram,4,,0,1,2,
cherry ripe,bigram,4,,0,1,2,
garden vegetables,bigram,4,,0,1,2,
mens logo,bigram,4,,0,1,2,
golden crunch,bigram,4,,0,1,2,
triple action,bigram,4,,0,1,2,
choc 4,bigram,4,,0,1,2,
micro sculpting,bigram,4,,0,1,2,
5 bottle,bigram,4,,0,1,2,
multi vitamin,bigram,4,,0,1,2,
cut chips,bigram,4,,0,1,2,
crafted blends,bigram,4,,0,1,2,
based protein,bigram,4,,0,1,2,
creamy yoghurt,bigram,4,,0,1,2,
vita weat,bigram,4,,0,1,2,
crispbread crackers,bigram,4,,0,1,2,
digestives tops,bigram,4,,0,1,2,
strength magnesium,bigram,4,,0,1,2,
rapi melts,bigram,4,,0,1,2,
beef ravioli,bigram,4,,0,1,2,
tennessee whiskey,bigram,4,,0,1,2,
conditioner smooth,bigram,4,,0,1,2,
nacho cheese,bigram,4,,0,1,2,
bags 80,bigram,4,,0,1,2,
semi dried,bigram,4,,0,1,2,
dried tomatoes,bigram,4,,0,1,2,
lemon dishwashing,bigram,4,,0,1,2,
free soft,bigram,4,,0,1,2,
pink grapefruit,bigram,4,,0,1,2,
onion potato,bigram,4,,0,1,2,
cleanse replenish,bigram,4,,0,1,2,
garlic herb,bigram,4,,0,1,2,
moisturising cream,bigram,4,,0,1,2,
shampoo smooth,bigram,4,,0,1,2,
mild salami,bigram,4,,0,1,2,
frozen gourmet,bigram,4,,0,1,2,
fresh pasta,bigram,4,,0,1,2,
vitamin b,bigram,4,,0,1,2,
free mints,bigram,4,,0,1,2,
mints tin,bigram,4,,0,1,2,
plain biscuits,bigram,4,,0,1,2,
banana mango,bigram,4,,0,1,2,
1 2m,bigram,4,,0,1,2,
normal conditioner,bigram,4,,0,1,2,
sweet soy,bigram,4,,0,1,2,
venus smooth,bigram,4,,0,1,2,
no wings,bigram,4,,0,1,2,
mi goreng,bigram,4,,0,1,2,
assorted chocolate,bigram,4,,0,1,2,
fresh 2,bigram,4,,0,1,2,
shine argan,bigram,4,,0,1,2,
pure active,bigram,4,,0,1,2,
snack mix,bigram,4,,0,1,2,
milk honey,bigram,4,,0,1,2,
all day,bigram,4,,0,1,2,
magnesium sleep,bigram,4,,0,1,2,
everyday face,bigram,4,,0,1,2,
face invisible,bigram,4,,0,1,2,
invisible sunscreen,bigram,4,,0,1,2,
comfort period,bigram,4,,0,1,2,
period brief,bigram,4,,0,1,2,
black moderate,bigram,4,,0,1,2,
moderate size,bigram,4,,0,1,2,
bourbon whiskey,bigram,4,,0,1,2,
passionfruit yoghurt,bigram,4,,0,1,2,
chicken bacon,bigram,4,,0,1,2,
deli style,bigram,4,,0,1,2,
style crackers,bigram,4,,0,1,2,
effervescent tablets,bigram,4,,0,1,2,
foaming cleanser,bigram,4,,0,1,2,
miracles keratin,bigram,4,,0,1,2,
sensitive sunscreen,bigram,4,,0,1,2,
creamery yoghurt,bigram,4,,0,1,2,
topped sweet,bigram,4,,0,1,2,
sweet mini,bigram,4,,0,1,2,
white tea,bigram,4,,0,1,2,
organic pinot,bigram,4,,0,1,2,
dip reduced,bigram,4,,0,1,2,
drink pineapple,bigram,4,,0,1,2,
blood orange,bigram,4,,0,1,2,
clinical cream,bigram,4,,0,1,2,
cream gentle,bigram,4,,0,1,2,
sleek shampoo,bigram,4,,0,1,2,
royal reserve,bigram,4,,0,1,2,
apera 750ml,bigram,4,,0,1,2,
guyfront trunk,bigram,4,,0,1,2,
hot spicy,bigram,4,,0,1,2,
gin 1l,bigram,4,,0,1,2,
fed beef,bigram,4,,0,1,2,
fragrance deodorant,bigram,4,,0,1,2,
cool menthol,bigram,4,,0,1,2,
lamellar shine,bigram,4,,0,1,2,
mclaren vale,bigram,4,,0,1,2,
luminous vitamin,bigram,4,,0,1,2,
free energy,bigram,4,,0,1,2,
vegetable dog,bigram,4,,0,1,2,
paris lumi,bigram,4,,0,1,2,
french onion,bigram,4,,0,1,2,
resealable food,bigram,4,,0,1,2,
food storage,bigram,4,,0,1,2,
turtle chips,bigram,4,,0,1,2,
ultra sheer,bigram,4,,0,1,2,
felix as,bigram,4,,0,1,2,
as good,bigram,4,,0,1,2,
good as,bigram,4,,0,1,2,
as it,bigram,4,,0,1,2,
it looks,bigram,4,,0,1,2,
menu cat,bigram,4,,0,1,2,
mix tin,bigram,4,,0,1,2,
trigger spray,bigram,4,,0,1,2,
active fresh,bigram,4,,0,1,2,
kids custard,bigram,4,,0,1,2,
oils freshmatic,bigram,4,,0,1,2,
cottage pie,bigram,4,,0,1,2,
anti wrinkle,bigram,4,,0,1,2,
scalp care,bigram,4,,0,1,2,
syrup sugar,bigram,4,,0,1,2,
free cordial,bigram,4,,0,1,2,
whole egg,bigram,4,,0,1,2,
original cookie,bigram,4,,0,1,2,
chocolate freddo,bigram,4,,0,1,2,
fry cooking,bigram,4,,0,1,2,
frozen raw,bigram,4,,0,1,2,
soy blend,bigram,4,,0,1,2,
double wicked,bigram,4,,0,1,2,
wicked candle,bigram,4,,0,1,2,
premium selection,bigram,4,,0,1,2,
express tanning,bigram,4,,0,1,2,
super charge,bigram,4,,0,1,2,
miracles hyaluron,bigram,4,,0,1,2,
slow cooker,bigram,4,,0,1,2,
chocolate liquorice,bigram,4,,0,1,2,
noodles serves,bigram,4,,0,1,2,
block chocolate,bigram,4,,0,1,2,
diet soft,bigram,4,,0,1,2,
veggie straws,bigram,4,,0,1,2,
leaks extra,bigram,4,,0,1,2,
baking chocolate,bigram,4,,0,1,2,
beer can,bigram,4,,0,1,2,
food 100g,bigram,4,,0,1,2,
sauce mix,bigram,4,,0,1,2,
raspberry lemonade,bigram,4,,0,1,2,
front top,bigram,4,,0,1,2,
liquid fabric,bigram,4,,0,1,2,
luscious petals,bigram,4,,0,1,2,
seed muesli,bigram,3,,0,1,2,
marion x27,bigram,3,,0,1,2,
oil refill,bigram,3,,0,1,2,
wick pure,bigram,3,,0,1,2,
blossom air,bigram,3,,0,1,2,
freshener spray,bigram,3,,0,1,2,
spray 159g,bigram,3,,0,1,2,
mix wellness,bigram,3,,0,1,2,
express self,bigram,3,,0,1,2,
bars salted,bigram,3,,0,1,2,
botanics gummies,bigram,3,,0,1,2,
edgell mexican,bigram,3,,0,1,2,
mexican mix,bigram,3,,0,1,2,
beans pinto,bigram,3,,0,1,2,
pinto beans,bigram,3,,0,1,2,
red kidney,bigram,3,,0,1,2,
kidney beans,bigram,3,,0,1,2,
s protein,bigram,3,,0,1,2,
protein bars,bigram,3,,0,1,2,
meadow lea,bigram,3,,0,1,2,
lea original,bigram,3,,0,1,2,
original margarine,bigram,3,,0,1,2,
spread 1kg,bigram,3,,0,1,2,
tasmanian salmon,bigram,3,,0,1,2,
antihistamine mini,bigram,3,,0,1,2,
mini tablets,bigram,3,,0,1,2,
bio shredded,bigram,3,,0,1,2,
shredded cheddar,bigram,3,,0,1,2,
cheese 200g,bigram,3,,0,1,2,
lynx aerosol,bigram,3,,0,1,2,
antiperspirant 165ml,bigram,3,,0,1,2,
king size,bigram,3,,0,1,2,
puree blend,bigram,3,,0,1,2,
blend pouch,bigram,3,,0,1,2,
pouch 90g,bigram,3,,0,1,2,
pasta no,bigram,3,,0,1,2,
organic overnight,bigram,3,,0,1,2,
lozenge 2mg,bigram,3,,0,1,2,
2mg 72,bigram,3,,0,1,2,
48hr africa,bigram,3,,0,1,2,
africa 165ml,bigram,3,,0,1,2,
muffins 9,bigram,3,,0,1,2,
shower indulgent,bigram,3,,0,1,2,
indulgent moisture,bigram,3,,0,1,2,
coconut 1l,bigram,3,,0,1,2,
fresh kalamata,bigram,3,,0,1,2,
olives pitted,bigram,3,,0,1,2,
baked mini,bigram,3,,0,1,2,
monoi oil,bigram,3,,0,1,2,
masterfoods steak,bigram,3,,0,1,2,
steak seasoning,bigram,3,,0,1,2,
seasoning 45g,bigram,3,,0,1,2,
probiotic capsules,bigram,3,,0,1,2,
local legends,bigram,3,,0,1,2,
original beef,bigram,3,,0,1,2,
shower rich,bigram,3,,0,1,2,
rich moisture,bigram,3,,0,1,2,
moisture soft,bigram,3,,0,1,2,
soft 1l,bigram,3,,0,1,2,
free sensitive,bigram,3,,0,1,2,
sensitive moisturising,bigram,3,,0,1,2,
amp rice,bigram,3,,0,1,2,
chilli chicken,bigram,3,,0,1,2,
chicken tenders,bigram,3,,0,1,2,
tenders 1kg,bigram,3,,0,1,2,
nice amp,bigram,3,,0,1,2,
amp natural,bigram,3,,0,1,2,
dark choc,bigram,3,,0,1,2,
moisture lightly,bigram,3,,0,1,2,
lightly scented,bigram,3,,0,1,2,
scented sensitive,bigram,3,,0,1,2,
sensitive wash,bigram,3,,0,1,2,
perfect italiano,bigram,3,,0,1,2,
grated cheese,bigram,3,,0,1,2,
mini white,bigram,3,,0,1,2,
chicken bites,bigram,3,,0,1,2,
snacks 5,bigram,3,,0,1,2,
crackers original,bigram,3,,0,1,2,
shower creme,bigram,3,,0,1,2,
creme aloe,bigram,3,,0,1,2,
aloe 1l,bigram,3,,0,1,2,
cup 70g,bigram,3,,0,1,2,
steggles frozen,bigram,3,,0,1,2,
laurent mini,bigram,3,,0,1,2,
relief 60mg,bigram,3,,0,1,2,
60mg antihistamine,bigram,3,,0,1,2,
tablets 20,bigram,3,,0,1,2,
muffins 4,bigram,3,,0,1,2,
facial cleanser,bigram,3,,0,1,2,
sea minerals,bigram,3,,0,1,2,
spicy chilli,bigram,3,,0,1,2,
all natural,bigram,3,,0,1,2,
hot chocolate,bigram,3,,0,1,2,
mint crisp,bigram,3,,0,1,2,
infant formula,bigram,3,,0,1,2,
cheesy garlic,bigram,3,,0,1,2,
pregnancy test,bigram,3,,0,1,2,
chilli tenders,bigram,3,,0,1,2,
extra sharp,bigram,3,,0,1,2,
sharp cheese,bigram,3,,0,1,2,
korean bbq,bigram,3,,0,1,2,
style yoghurt,bigram,3,,0,1,2,
cream ice,bigram,3,,0,1,2,
yopro perform,bigram,3,,0,1,2,
mixed berries,bigram,3,,0,1,2,
cream classic,bigram,3,,0,1,2,
urinary tract,bigram,3,,0,1,2,
health chicken,bigram,3,,0,1,2,
vanilla latte,bigram,3,,0,1,2,
itch care,bigram,3,,0,1,2,
sugar dry,bigram,3,,0,1,2,
protection fresh,bigram,3,,0,1,2,
essential mist,bigram,3,,0,1,2,
kids bluey,bigram,3,,0,1,2,
miam squeezie,bigram,3,,0,1,2,
kids lactose,bigram,3,,0,1,2,
alcohol free,bigram,3,,0,1,2,
free toner,bigram,3,,0,1,2,
sem sauv,bigram,3,,0,1,2,
kids evolution,bigram,3,,0,1,2,
orange juice,bigram,3,,0,1,2,
protein crisp,bigram,3,,0,1,2,
oil conditioner,bigram,3,,0,1,2,
sugar original,bigram,3,,0,1,2,
sherbert fizz,bigram,3,,0,1,2,
roasted garlic,bigram,3,,0,1,2,
chunky tomato,bigram,3,,0,1,2,
buldak hot,bigram,3,,0,1,2,
hot chicken,bigram,3,,0,1,2,
6 8,bigram,3,,0,1,2,
complete 5,bigram,3,,0,1,2,
5 way,bigram,3,,0,1,2,
way clean,bigram,3,,0,1,2,
soy garlic,bigram,3,,0,1,2,
meal base,bigram,3,,0,1,2,
base pouch,bigram,3,,0,1,2,
wash aloe,bigram,3,,0,1,2,
ladder resist,bigram,3,,0,1,2,
resist natural,bigram,3,,0,1,2,
bbq pork,bigram,3,,0,1,2,
care toothpaste,bigram,3,,0,1,2,
coconut lime,bigram,3,,0,1,2,
castile body,bigram,3,,0,1,2,
pantyhose beige,bigram,3,,0,1,2,
lipton ice,bigram,3,,0,1,2,
soda mix,bigram,3,,0,1,2,
garlic aioli,bigram,3,,0,1,2,
king island,bigram,3,,0,1,2,
sausage rolls,bigram,3,,0,1,2,
free acne,bigram,3,,0,1,2,
cheese crackers,bigram,3,,0,1,2,
little entertainers,bigram,3,,0,1,2,
vintage cheddar,bigram,3,,0,1,2,
pacific ale,bigram,3,,0,1,2,
size 14,bigram,3,,0,1,2,
ravioli pasta,bigram,3,,0,1,2,
fresh fabric,bigram,3,,0,1,2,
vodka 1l,bigram,3,,0,1,2,
cheesecake protein,bigram,3,,0,1,2,
barrel rum,bigram,3,,0,1,2,
6 twin,bigram,3,,0,1,2,
twin bars,bigram,3,,0,1,2,
basil pesto,bigram,3,,0,1,2,
handle 2,bigram,3,,0,1,2,
brazilian keratin,bigram,3,,0,1,2,
ipa can,bigram,3,,0,1,2,
adult chilled,bigram,3,,0,1,2,
chilled fresh,bigram,3,,0,1,2,
fresh dog,bigram,3,,0,1,2,
multivitamin capsules,bigram,3,,0,1,2,
capsules multi,bigram,3,,0,1,2,
lotion spf50,bigram,3,,0,1,2,
perform yoghurt,bigram,3,,0,1,2,
yoghurt mixed,bigram,3,,0,1,2,
colour 4,bigram,3,,0,1,2,
c micellar,bigram,3,,0,1,2,
pine lime,bigram,3,,0,1,2,
bourbon barrel,bigram,3,,0,1,2,
advanced whitening,bigram,3,,0,1,2,
chocolate chip,bigram,3,,0,1,2,
chip cookie,bigram,3,,0,1,2,
strapz dog,bigram,3,,0,1,2,
party mix,bigram,3,,0,1,2,
creamy mushroom,bigram,3,,0,1,2,
charger dual,bigram,3,,0,1,2,
dual usb,bigram,3,,0,1,2,
vit c,bigram,3,,0,1,2,
vineyard series,bigram,3,,0,1,2,
barossa valley,bigram,3,,0,1,2,
macadamia argan,bigram,3,,0,1,2,
oil camellia,bigram,3,,0,1,2,
coconut rice,bigram,3,,0,1,2,
aerosol sport,bigram,3,,0,1,2,
meat selection,bigram,3,,0,1,2,
food 12x85g,bigram,3,,0,1,2,
prosecco doc,bigram,3,,0,1,2,
crostini crackers,bigram,3,,0,1,2,
italian herb,bigram,3,,0,1,2,
bacon pizza,bigram,3,,0,1,2,
knee hi,bigram,3,,0,1,2,
toning conditioner,bigram,3,,0,1,2,
oil fragrance,bigram,3,,0,1,2,
stock chicken,bigram,3,,0,1,2,
chicken mushroom,bigram,3,,0,1,2,
chocolate caramel,bigram,3,,0,1,2,
banana pear,bigram,3,,0,1,2,
brekkie baby,bigram,3,,0,1,2,
power active,bigram,3,,0,1,2,
100 natural,bigram,3,,0,1,2,
roti bread,bigram,3,,0,1,2,
health capsules,bigram,3,,0,1,2,
paris plump,bigram,3,,0,1,2,
plump ambition,bigram,3,,0,1,2,
ambition hyaluron,bigram,3,,0,1,2,
hyaluron lip,bigram,3,,0,1,2,
match made,bigram,3,,0,1,2,
plain flour,bigram,3,,0,1,2,
mint mouthwash,bigram,3,,0,1,2,
canister cheese,bigram,3,,0,1,2,
flaming hot,bigram,3,,0,1,2,
sleepynights night,bigram,3,,0,1,2,
night time,bigram,3,,0,1,2,
time pants,bigram,3,,0,1,2,
light no,bigram,3,,0,1,2,
creamy garlic,bigram,3,,0,1,2,
pork crackle,bigram,3,,0,1,2,
margherita pizza,bigram,3,,0,1,2,
tasting plate,bigram,3,,0,1,2,
ultimate 3,bigram,3,,0,1,2,
capsules sensitive,bigram,3,,0,1,2,
original potato,bigram,3,,0,1,2,
smooth shampoo,bigram,3,,0,1,2,
mountain grown,bigram,3,,0,1,2,
herbs pasta,bigram,3,,0,1,2,
fresh antiperspirant,bigram,3,,0,1,2,
care anti,bigram,3,,0,1,2,
caramello chocolate,bigram,3,,0,1,2,
d 1000iu,bigram,3,,0,1,2,
tablets d3,bigram,3,,0,1,2,
sn 2,bigram,3,,0,1,2,
2 bio,bigram,3,,0,1,2,
bio plus,bigram,3,,0,1,2,
plus hpo,bigram,3,,0,1,2,
adult vita,bigram,3,,0,1,2,
kids smart,bigram,3,,0,1,2,
smart vita,bigram,3,,0,1,2,
carrot apple,bigram,3,,0,1,2,
tequila reposado,bigram,3,,0,1,2,
reposado 700ml,bigram,3,,0,1,2,
leek pie,bigram,3,,0,1,2,
crunchy natural,bigram,3,,0,1,2,
natural peanut,bigram,3,,0,1,2,
style salad,bigram,3,,0,1,2,
flavours lemon,bigram,3,,0,1,2,
cans 250ml,bigram,3,,0,1,2,
bakers choice,bigram,3,,0,1,2,
choice baking,bigram,3,,0,1,2,
chocolate bits,bigram,3,,0,1,2,
colour 6,bigram,3,,0,1,2,
very light,bigram,3,,0,1,2,
premium bottle,bigram,3,,0,1,2,
pouch 12,bigram,3,,0,1,2,
vanilla custard,bigram,3,,0,1,2,
kat chocolate,bigram,3,,0,1,2,
cream white,bigram,3,,0,1,2,
life saving,bigram,3,,0,1,2,
sunscreen tube,bigram,3,,0,1,2,
cream face,bigram,3,,0,1,2,
chicken biryani,bigram,3,,0,1,2,
strong bitey,bigram,3,,0,1,2,
dairy cheese,bigram,3,,0,1,2,
water gel,bigram,3,,0,1,2,
cadbury caramilk,bigram,3,,0,1,2,
cola cans,bigram,3,,0,1,2,
desert lime,bigram,3,,0,1,2,
mix variety,bigram,3,,0,1,2,
ocean mist,bigram,3,,0,1,2,
protect conditioner,bigram,3,,0,1,2,
dry balance,bigram,3,,0,1,2,
snack crackers,bigram,3,,0,1,2,
face mask,bigram,3,,0,1,2,
immune defence,bigram,3,,0,1,2,
wash anti,bigram,3,,0,1,2,
chilli garlic,bigram,3,,0,1,2,
beauty collagen,bigram,3,,0,1,2,
creamy classic,bigram,3,,0,1,2,
salmon bowl,bigram,3,,0,1,2,
roasted capsicum,bigram,3,,0,1,2,
ham off,bigram,3,,0,1,2,
sugar energy,bigram,3,,0,1,2,
paris telescopic,bigram,3,,0,1,2,
telescopic lift,bigram,3,,0,1,2,
lift mascara,bigram,3,,0,1,2,
label chardonnay,bigram,3,,0,1,2,
seasonal edition,bigram,3,,0,1,2,
green goddess,bigram,3,,0,1,2,
25 less,bigram,3,,0,1,2,
french dressing,bigram,3,,0,1,2,
chicken stir,bigram,3,,0,1,2,
flavoured rice,bigram,3,,0,1,2,
variety multipack,bigram,3,,0,1,2,
fruit nut,bigram,3,,0,1,2,
chicken vegetable,bigram,3,,0,1,2,
raspberry flavoured,bigram,3,,0,1,2,
moscato 750ml,bigram,3,,0,1,2,
fish selection,bigram,3,,0,1,2,
sugar vanilla,bigram,3,,0,1,2,
oil shampoo,bigram,3,,0,1,2,
forest fresh,bigram,3,,0,1,2,
pouch 10,bigram,3,,0,1,2,
50 face,bigram,3,,0,1,2,
moisturiser matte,bigram,3,,0,1,2,
white bourbon,bigram,3,,0,1,2,
spinach ricotta,bigram,3,,0,1,2,
light quarter,bigram,3,,0,1,2,
crew socks,bigram,3,,0,1,2,
13 3,bigram,3,,0,1,2,
sticky date,bigram,3,,0,1,2,
free side,bigram,3,,0,1,2,
sticks 10,bigram,3,,0,1,2,
toothbrush white,bigram,3,,0,1,2,
women advanced,bigram,3,,0,1,2,
conditioner moisture,bigram,3,,0,1,2,
casserole recipe,bigram,3,,0,1,2,
kentucky straight,bigram,3,,0,1,2,
straight bourbon,bigram,3,,0,1,2,
thick tomatoes,bigram,3,,0,1,2,
salmon tempters,bigram,3,,0,1,2,
cream cleanser,bigram,3,,0,1,2,
bitters soft,bigram,3,,0,1,2,
spiced rum,bigram,3,,0,1,2,
rum 1l,bigram,3,,0,1,2,
glucosamine sulfate,bigram,3,,0,1,2,
strawberry flavoured,bigram,3,,0,1,2,
eat well,bigram,3,,0,1,2,
women clinical,bigram,3,,0,1,2,
deodorant cream,bigram,3,,0,1,2,
0 dark,bigram,3,,0,1,2,
chocolate brown,bigram,3,,0,1,2,
vegetables rice,bigram,3,,0,1,2,
rice baby,bigram,3,,0,1,2,
skin food,bigram,3,,0,1,2,
food body,bigram,3,,0,1,2,
venus extra,bigram,3,,0,1,2,
extra smooth,bigram,3,,0,1,2,
smooth women,bigram,3,,0,1,2,
thai red,bigram,3,,0,1,2,
chocolate baking,bigram,3,,0,1,2,
gradual tan,bigram,3,,0,1,2,
ridge cut,bigram,3,,0,1,2,
original crispbread,bigram,3,,0,1,2,
chips deli,bigram,3,,0,1,2,
deli crisps,bigram,3,,0,1,2,
soy sauce,bigram,3,,0,1,2,
lively bunch,bigram,3,,0,1,2,
baking dark,bigram,3,,0,1,2,
unsweetened almond,bigram,3,,0,1,2,
chocolate milk,bigram,3,,0,1,2,
powder chocolate,bigram,3,,0,1,2,
vodka 700ml,bigram,3,,0,1,2,
pouch blueberry,bigram,3,,0,1,2,
white bread,bigram,3,,0,1,2,
hot dog,bigram,3,,0,1,2,
gum 4x14g,bigram,3,,0,1,2,
build chicken,bigram,3,,0,1,2,
men 2,bigram,3,,0,1,2,
2 in1,bigram,3,,0,1,2,
smooth conditioner,bigram,3,,0,1,2,
support tablets,bigram,3,,0,1,2,
frozen convenience,bigram,3,,0,1,2,
convenience meal,bigram,3,,0,1,2,
grape bubblegum,bigram,3,,0,1,2,
mini original,bigram,3,,0,1,2,
sandalwood geranium,bigram,3,,0,1,2,
geranium bergamot,bigram,3,,0,1,2,
coffee syrup,bigram,3,,0,1,2,
white fresh,bigram,3,,0,1,2,
tiny teddy,bigram,3,,0,1,2,
cage free,bigram,3,,0,1,2,
body mist,bigram,3,,0,1,2,
caribbean vetiver,bigram,3,,0,1,2,
vetiver sandalwood,bigram,3,,0,1,2,
jasmine sri,bigram,3,,0,1,2,
lankan cinnamon,bigram,3,,0,1,2,
cinnamon leaf,bigram,3,,0,1,2,
normal dry,bigram,3,,0,1,2,
wash luminous,bigram,3,,0,1,2,
cream micro,bigram,3,,0,1,2,
white cola,bigram,3,,0,1,2,
max no,bigram,3,,0,1,2,
vegetable rice,bigram,3,,0,1,2,
caramel milk,bigram,3,,0,1,2,
roasted almond,bigram,3,,0,1,2,
multipurpose cleaning,bigram,3,,0,1,2,
barely there,bigram,3,,0,1,2,
laundry discs,bigram,3,,0,1,2,
thin condoms,bigram,3,,0,1,2,
fresh cotton,bigram,3,,0,1,2,
bond protein,bigram,3,,0,1,2,
zero alcohol,bigram,3,,0,1,2,
naturgard multi,bigram,3,,0,1,2,
yellowfin tuna,bigram,3,,0,1,2,
mango drink,bigram,3,,0,1,2,
crew size,bigram,3,,0,1,2,
size 2,bigram,3,,0,1,2,
water powder,bigram,3,,0,1,2,
sticks 7,bigram,3,,0,1,2,
pure health,bigram,3,,0,1,2,
chips sweet,bigram,3,,0,1,2,
shower clean,bigram,3,,0,1,2,
orange eucalyptus,bigram,3,,0,1,2,
1 3,bigram,3,,0,1,2,
toothbrush black,bigram,3,,0,1,2,
cocoa butter,bigram,3,,0,1,2,
snack bars,bigram,3,,0,1,2,
spring rolls,bigram,3,,0,1,2,
mini muffin,bigram,3,,0,1,2,
grigio rose,bigram,3,,0,1,2,
strength damage,bigram,3,,0,1,2,
damage remedy,bigram,3,,0,1,2,
remedy hydrating,bigram,3,,0,1,2,
hydrating repairing,bigram,3,,0,1,2,
repairing coconut,bigram,3,,0,1,2,
penetrating oil,bigram,3,,0,1,2,
gradual tanning,bigram,3,,0,1,2,
apple berry,bigram,3,,0,1,2,
original bbq,bigram,3,,0,1,2,
size 8,bigram,3,,0,1,2,
juice chilled,bigram,3,,0,1,2,
1m white,bigram,3,,0,1,2,
vermouth 1000ml,bigram,3,,0,1,2,
thinx reusable,bigram,3,,0,1,2,
reusable period,bigram,3,,0,1,2,
underwear heavy,bigram,3,,0,1,2,
black bikini,bigram,3,,0,1,2,
bikini size,bigram,3,,0,1,2,
silver bottle,bigram,3,,0,1,2,
pants girls,bigram,3,,0,1,2,
girls size,bigram,3,,0,1,2,
gluta hya,bigram,3,,0,1,2,
hya body,bigram,3,,0,1,2,
slim black,bigram,3,,0,1,2,
select toppings,bigram,3,,0,1,2,
drink lemon,bigram,3,,0,1,2,
custard protein,bigram,3,,0,1,2,
intensive tanning,bigram,3,,0,1,2,
lemon energy,bigram,3,,0,1,2,
yopro pouch,bigram,3,,0,1,2,
active water,bigram,3,,0,1,2,
8 11,bigram,3,,0,1,2,
lock spf50,bigram,3,,0,1,2,
bar 4,bigram,3,,0,1,2,
crumb oven,bigram,3,,0,1,2,
shampoo itchy,bigram,3,,0,1,2,
advance body,bigram,3,,0,1,2,
kombucha ginger,bigram,3,,0,1,2,
fast action,bigram,3,,0,1,2,
11 14,bigram,3,,0,1,2,
sparkling lite,bigram,3,,0,1,2,
lite fruity,bigram,3,,0,1,2,
orange almond,bigram,3,,0,1,2,
max fresh,bigram,3,,0,1,2,
r s,bigram,3,,0,1,2,
tropical mango,bigram,3,,0,1,2,
barry sons,bigram,3,,0,1,2,
chardonnay cask,bigram,3,,0,1,2,
fructis damage,bigram,3,,0,1,2,
damage eraser,bigram,3,,0,1,2,
sugar raspberry,bigram,3,,0,1,2,
3d white,bigram,3,,0,1,2,
clinical roll,bigram,3,,0,1,2,
summer strength,bigram,3,,0,1,2,
disinfectant wipes,bigram,3,,0,1,2,
50 ultra,bigram,3,,0,1,2,
coke soft,bigram,3,,0,1,2,
clean medium,bigram,3,,0,1,2,
multi purpose,bigram,3,,0,1,2,
semillon sauv,bigram,3,,0,1,2,
bond repair,bigram,3,,0,1,2,
gravel track,bigram,3,,0,1,2,
mixed nuts,bigram,3,,0,1,2,
cooked beef,bigram,3,,0,1,2,
mac cheese,bigram,3,,0,1,2,
chicken sweet,bigram,3,,0,1,2,
tea peach,bigram,3,,0,1,2,
so good,bigram,3,,0,1,2,
chips sour,bigram,3,,0,1,2,
custard bar,bigram,3,,0,1,2,
dandruff conditioner,bigram,3,,0,1,2,
sport drink,bigram,3,,0,1,2,
drink berry,bigram,3,,0,1,2,
home test,bigram,3,,0,1,2,
covid 19,bigram,3,,0,1,2,
ketchup tomato,bigram,3,,0,1,2,
triple chocolate,bigram,3,,0,1,2,
curried sausages,bigram,3,,0,1,2,
sausages recipe,bigram,3,,0,1,2,
pear cinnamon,bigram,3,,0,1,2,
toddler milk,bigram,3,,0,1,2,
breakfast extra,bigram,3,,0,1,2,
extra strong,bigram,3,,0,1,2,
strong tea,bigram,3,,0,1,2,
shampoo apple,bigram,3,,0,1,2,
japanese cherry,bigram,3,,0,1,2,
slice chocolate,bigram,3,,0,1,2,
match serum,bigram,3,,0,1,2,
serum foundation,bigram,3,,0,1,2,
tomato paste,bigram,3,,0,1,2,
beach defence,bigram,3,,0,1,2,
defence sunscreen,bigram,3,,0,1,2,
spray spf50,bigram,3,,0,1,2,
beauty hair,bigram,3,,0,1,2,
pear mango,bigram,3,,0,1,2,
scotch finger,bigram,3,,0,1,2,
pea ham,bigram,3,,0,1,2,
ultiboost iron,bigram,3,,0,1,2,
violet crumble,bigram,3,,0,1,2,
crumble soft,bigram,3,,0,1,2,
eye mask,bigram,3,,0,1,2,
coconut curls,bigram,3,,0,1,2,
multi tasker,bigram,3,,0,1,2,
mix chocolate,bigram,3,,0,1,2,
pro health,bigram,3,,0,1,2,
convenience meals,bigram,3,,0,1,2,
1 4,bigram,3,,0,1,2,
4 crew,bigram,3,,0,1,2,
crew sock,bigram,3,,0,1,2,
honey lemon,bigram,3,,0,1,2,
nutri grain,bigram,3,,0,1,2,
pie 2,bigram,3,,0,1,2,
6 15,bigram,3,,0,1,2,
50 kids,bigram,3,,0,1,2,
body superfood,bigram,3,,0,1,2,
vitamin b12,bigram,3,,0,1,2,
men intense,bigram,3,,0,1,2,
treats daily,bigram,3,,0,1,2,
daily oral,bigram,3,,0,1,2,
oral care,bigram,3,,0,1,2,
care dental,bigram,3,,0,1,2,
dental chews,bigram,3,,0,1,2,
intense mint,bigram,3,,0,1,2,
gel activ,bigram,3,,0,1,2,
activ insole,bigram,3,,0,1,2,
spray spf,bigram,3,,0,1,2,
fillets cat,bigram,3,,0,1,2,
jacob s,bigram,3,,0,1,2,
s cellar,bigram,3,,0,1,2,
repair shampoo,bigram,3,,0,1,2,
womens seamless,bigram,3,,0,1,2,
full brief,bigram,3,,0,1,2,
beef burger,bigram,3,,0,1,2,
wired earphones,bigram,3,,0,1,2,
ruby red,bigram,3,,0,1,2,
egg pasta,bigram,3,,0,1,2,
blanc cask,bigram,3,,0,1,2,
fruit salad,bigram,3,,0,1,2,
carpet sanitiser,bigram,3,,0,1,2,
sanitiser deodoriser,bigram,3,,0,1,2,
toning shampoo,bigram,3,,0,1,2,
masala mix,bigram,3,,0,1,2,
caesar dressing,bigram,3,,0,1,2,
medium tint,bigram,3,,0,1,2,
retinol24 night,bigram,3,,0,1,2,
1m black,bigram,3,,0,1,2,
party pies,bigram,3,,0,1,2,
60 tablets,bigram,3,,0,1,2,
sun kids,bigram,3,,0,1,2,
protect play,bigram,3,,0,1,2,
spring onion,bigram,3,,0,1,2,
little bodies,bigram,3,,0,1,2,
bodies eczema,bigram,3,,0,1,2,
drink mango,bigram,3,,0,1,2,
black label,bigram,3,,0,1,2,
12yo scotch,bigram,3,,0,1,2,
white sugar,bigram,3,,0,1,2,
cans 4,bigram,3,,0,1,2,
koonunga hill,bigram,3,,0,1,2,
soda lime,bigram,3,,0,1,2,
leaks light,bigram,3,,0,1,2,
makeup remover,bigram,3,,0,1,2,
brut nv,bigram,3,,0,1,2,
oils hand,bigram,3,,0,1,2,
food chicken,bigram,3,,0,1,2,
entertaining chicken,bigram,3,,0,1,2,
cat treat,bigram,3,,0,1,2,
sauce mild,bigram,3,,0,1,2,
terre de,bigram,3,,0,1,2,
de providence,bigram,3,,0,1,2,
car charger,bigram,3,,0,1,2,
electrolyte effervescent,bigram,3,,0,1,2,
top deck,bigram,3,,0,1,2,
omega 3,bigram,3,,0,1,2,
underwear regular,bigram,3,,0,1,2,
regular women,bigram,3,,0,1,2,
free fancies,bigram,3,,0,1,2,
repellent aerosol,bigram,3,,0,1,2,
wick plug,bigram,3,,0,1,2,
chocolate hazelnut,bigram,3,,0,1,2,
aussie oat,bigram,3,,0,1,2,
oat clusters,bigram,3,,0,1,2,
mini sandwich,bigram,3,,0,1,2,
potato leek,bigram,3,,0,1,2,
food 85g,bigram,3,,0,1,2,
my perfect,bigram,3,,0,1,2,
perfect stock,bigram,3,,0,1,2,
roast beef,bigram,3,,0,1,2,
original corn,bigram,3,,0,1,2,
canned baked,bigram,3,,0,1,2,
razor blades,bigram,3,,0,1,2,
night serum,bigram,3,,0,1,2,
sensitive protect,bigram,3,,0,1,2,
protect spf50,bigram,3,,0,1,2,
gourmet chunky,bigram,3,,0,1,2,
chunky sous,bigram,3,,0,1,2,
sous vide,bigram,3,,0,1,2,
vide beef,bigram,3,,0,1,2,
pies 2,bigram,3,,0,1,2,
taco sauce,bigram,3,,0,1,2,
carb collagen,bigram,3,,0,1,2,
collagen protein,bigram,3,,0,1,2,
pop tarts,bigram,3,,0,1,2,
8 toaster,bigram,3,,0,1,2,
toaster pastries,bigram,3,,0,1,2,
specialty blend,bigram,3,,0,1,2,
blend instant,bigram,3,,0,1,2,
chicken multipack,bigram,3,,0,1,2,
apple mango,bigram,3,,0,1,2,
mens guyfront,bigram,3,,0,1,2,
trunk size,bigram,3,,0,1,2,
chardonnay pinot,bigram,3,,0,1,2,
yoghurt rice,bigram,3,,0,1,2,
cakes 1,bigram,3,,0,1,2,
support skin,bigram,3,,0,1,2,
skin health,bigram,3,,0,1,2,
beef mince,bigram,3,,0,1,2,
chocolate box,bigram,3,,0,1,2,
food tuna,bigram,3,,0,1,2,
burger bun,bigram,3,,0,1,2,
southern fried,bigram,3,,0,1,2,
roast potatoes,bigram,3,,0,1,2,
fig blossom,bigram,3,,0,1,2,
deodorant spray,bigram,3,,0,1,2,
salt potato,bigram,3,,0,1,2,
liquid sensitive,bigram,3,,0,1,2,
sugar fruit,bigram,3,,0,1,2,
organic tempranillo,bigram,3,,0,1,2,
shampoo cool,bigram,3,,0,1,2,
sour grape,bigram,3,,0,1,2,
peas corn,bigram,3,,0,1,2,
drink strawberry,bigram,3,,0,1,2,
choc fudge,bigram,3,,0,1,2,
fudge brownie,bigram,3,,0,1,2,
vera chamomile,bigram,3,,0,1,2,
butter cup,bigram,3,,0,1,2,
herb garlic,bigram,3,,0,1,2,
crew 6,bigram,3,,0,1,2,
size 11,bigram,3,,0,1,2,
330ml 10,bigram,3,,0,1,2,
cookie butter,bigram,3,,0,1,2,
barossa shiraz,bigram,3,,0,1,2,
choc peanut,bigram,3,,0,1,2,
blackcurrant can,bigram,3,,0,1,2,
drink lunchbox,bigram,3,,0,1,2,
lunchbox multipack,bigram,3,,0,1,2,
green beans,bigram,3,,0,1,2,
cauliflower broccoli,bigram,3,,0,1,2,
gourmet cheese,bigram,3,,0,1,2,
