Term,Type,Freq,SuggestedCategoryId,IsBrand(0|1),MultiWord(0|1),Weight(1-10)
chocolate,word,727,21,0,0,8
milk,word,398,1,0,0,8
chicken,word,325,11,0,0,8
snack,word,218,22,0,0,8
coffee,word,203,15,0,0,8
cheese,word,197,10,0,0,8
snacks,word,188,22,0,0,8
rice,word,142,6,0,0,8
shampoo,word,142,8,0,0,8
conditioner,word,134,31,0,0,8
beef,word,132,12,0,0,8
water,word,116,25,0,0,8
apple,word,104,4,0,0,8
deodorant,word,100,33,0,0,8
pasta,word,87,7,0,0,6
biscuits,word,85,23,0,0,6
tea,word,79,16,0,0,6
toothpaste,word,61,5,0,0,6
juice,word,57,24,0,0,6
watermelon,word,45,25,0,0,5
pineapple,word,28,4,0,0,5
waterproof,word,28,25,0,0,5
yogurt,word,27,14,0,0,5
fish,word,22,13,0,0,5
bread,word,20,2,0,0,5
cereal,word,20,20,0,0,5
beer,word,16,18,0,0,5
biscuit,word,12,23,0,0,5
cheesecake,word,11,10,0,0,5
steak,word,10,16,0,0,5
caramilk,word,10,1,0,0,5
crispbread,word,10,2,0,0,5
cleaning,word,8,29,0,0,3
detergent,word,8,30,0,0,3
liquorice,word,8,6,0,0,3
wine,word,7,19,0,0,3
shortbread,word,6,2,0,0,3
eggs,word,5,3,0,0,3
milky,word,5,1,0,0,3
milk chocolate,bigram,273,21,0,1,9
snack share,bigram,178,22,0,1,9
chocolate snack,bigram,177,22,0,1,9
lunchbox snacks,bigram,161,22,0,1,9
soft drink,bigram,99,17,0,1,7
chocolate party,bigram,76,21,0,1,7
dark chocolate,bigram,63,21,0,1,7
dog food,bigram,59,37,0,1,7
tasty cheese,bigram,57,10,0,1,7
cat food,bigram,56,36,0,1,7
tea bags,bigram,56,16,0,1,7
ice cream,bigram,54,27,0,1,7
energy drink,bigram,54,26,0,1,7
peanut milk,bigram,50,1,0,1,7
chocolate muesli,bigram,50,21,0,1,7
coffee bags,bigram,50,15,0,1,7
chocolate bars,bigram,50,21,0,1,7
chocolate block,bigram,49,21,0,1,6
white chocolate,bigram,46,21,0,1,6
dairy milk,bigram,44,1,0,1,6
chocolate bar,bigram,44,21,0,1,6
body wash,bigram,41,32,0,1,6
ground coffee,bigram,36,15,0,1,6
chicken flavour,bigram,30,11,0,1,6
pasta sauce,bigram,27,7,0,1,6
hazelnut chocolate,bigram,26,21,0,1,6
coffee sachets,bigram,26,15,0,1,6
water soluble,bigram,26,25,0,1,6
balm watermelon,bigram,26,25,0,1,6
cheese value,bigram,26,10,0,1,6
tough waterproof,bigram,25,25,0,1,6
waterproof strips,bigram,25,25,0,1,6
eucalyptus water,bigram,25,25,0,1,6
minis milk,bigram,25,1,0,1,6
noodles chicken,bigram,25,11,0,1,6
crisps apple,bigram,25,4,0,1,6
watermelon shine,bigram,25,25,0,1,6
chocolate fun,bigram,25,21,0,1,6
chocolate filled,bigram,25,21,0,1,6
style coffee,bigram,25,15,0,1,6
cheese dip,bigram,25,10,0,1,6
mylk chocolate,bigram,25,21,0,1,6
crispy milk,bigram,24,1,0,1,6
instant coffee,bigram,23,15,0,1,6
cracker biscuits,bigram,23,23,0,1,6
rice pouch,bigram,23,6,0,1,6
dandruff shampoo,bigram,22,8,0,1,6
coffee capsules,bigram,21,15,0,1,6
butter chicken,bigram,20,11,0,1,6
deodorant body,bigram,19,33,0,1,6
flavoured milk,bigram,18,1,0,1,6
whitening toothpaste,bigram,18,5,0,1,6
rice cakes,bigram,17,6,0,1,6
compatible coffee,bigram,16,15,0,1,6
greek yogurt,bigram,16,14,0,1,6
chicken curry,bigram,15,11,0,1,6
rice crackers,bigram,15,6,0,1,6
cheddar cheese,bigram,14,10,0,1,6
women deodorant,bigram,14,33,0,1,6
chicken breast,bigram,14,11,0,1,6
men deodorant,bigram,14,33,0,1,6
iced coffee,bigram,14,15,0,1,6
brown rice,bigram,13,6,0,1,6
shampoo conditioner,bigram,13,31,0,1,6
lynx deodorant,bigram,12,33,1,1,10
latte coffee,bigram,12,15,0,1,6
sparkling water,bigram,12,25,0,1,6
ginger beer,bigram,12,18,0,1,6
infusions tea,bigram,12,16,0,1,6
aerosol deodorant,bigram,11,33,0,1,6
chocolate biscuits,bigram,11,23,0,1,6
chocolate coated,bigram,11,21,0,1,6
yogurt pouch,bigram,11,14,0,1,6
antiperspirant deodorant,bigram,11,33,0,1,6
breakfast cereal,bigram,11,20,0,1,6
oat milk,bigram,10,1,0,1,6
frozen chicken,bigram,10,11,0,1,6
fabric conditioner,bigram,10,31,0,1,6
biscuits original,bigram,10,23,0,1,6
cheese slices,bigram,10,10,0,1,6
deodorant 96hr,bigram,10,33,0,1,6
coffee beans,bigram,10,15,0,1,6
creamy chicken,bigram,9,11,0,1,4
deodorant 72hr,bigram,9,33,0,1,4
protein water,bigram,9,25,0,1,4
green tea,bigram,9,16,0,1,4
satay chicken,bigram,8,11,0,1,4
cheese block,bigram,8,10,0,1,4
approved chicken,bigram,8,11,0,1,4
fish oil,bigram,8,13,0,1,4
chocolate sharepack,bigram,8,21,0,1,4
coconut milk,bigram,8,1,0,1,4
mini rice,bigram,8,6,0,1,4
milk drink,bigram,8,1,0,1,4
coconut water,bigram,8,25,0,1,4
soy chicken,bigram,8,11,0,1,4
deodorant 48hr,bigram,8,33,0,1,4
espresso coffee,bigram,8,15,0,1,4
milk 1l,bigram,7,1,0,1,4
roast chicken,bigram,7,11,0,1,4
range chicken,bigram,7,11,0,1,4
blend coffee,bigram,7,15,0,1,4
chocolate bites,bigram,7,21,0,1,4
chicken rice,bigram,7,11,0,1,4
cream cheese,bigram,7,10,0,1,4
rice cracker,bigram,7,6,0,1,4
cheese bacon,bigram,7,10,0,1,4
apple cider,bigram,7,4,0,1,4
grey tea,bigram,7,16,0,1,4
basmati rice,bigram,6,6,0,1,4
beef stroganoff,bigram,6,12,0,1,4
beef pie,bigram,6,12,0,1,4
chicken vegetables,bigram,6,11,0,1,4
micellar water,bigram,6,25,0,1,4
lindor milk,bigram,6,1,0,1,4
chocolate bag,bigram,6,21,0,1,4
apple juice,bigram,6,24,0,1,4
deodorant roll,bigram,6,33,0,1,4
nutritious snack,bigram,6,22,0,1,4
chicken potato,bigram,6,11,0,1,4
pasta bake,bigram,6,7,0,1,4
coffee flavoured,bigram,6,15,0,1,4
apple raspberry,bigram,6,4,0,1,4
apple fresh,bigram,6,4,0,1,4
cleansing water,bigram,6,25,0,1,4
sandwich biscuits,bigram,6,23,0,1,4
tonic water,bigram,6,25,0,1,4
cream milk,bigram,5,1,0,1,4
beef jerky,bigram,5,12,0,1,4
tea tree,bigram,5,16,0,1,4
lime juice,bigram,5,24,0,1,4
wash milk,bigram,5,1,0,1,4
chicken noodle,bigram,5,11,0,1,4
three cheese,bigram,5,10,0,1,4
coffee bag,bigram,5,15,0,1,4
ice tea,bigram,5,16,0,1,4
tam chocolate,bigram,5,21,0,1,4
chocolate ice,bigram,5,21,0,1,4
rice pudding,bigram,5,6,0,1,4
banana bread,bigram,5,2,0,1,4
chicken simmer,bigram,5,11,0,1,4
milk caramello,bigram,5,1,0,1,4
soda water,bigram,5,25,0,1,4
kids yogurt,bigram,5,14,0,1,4
boxed chocolate,bigram,5,21,0,1,4
fried rice,bigram,5,6,0,1,4
advanced deodorant,bigram,5,33,0,1,4
mineral water,bigram,5,25,0,1,4
fried chicken,bigram,5,11,0,1,4
chicken mince,bigram,5,11,0,1,4
water crackers,bigram,5,25,0,1,4
cleaning wipes,bigram,5,29,0,1,4
apple blackcurrant,bigram,5,4,0,1,4
goats milk,bigram,5,1,0,1,4
style chicken,bigram,5,11,0,1,4
fruit juice,bigram,5,24,0,1,4
fresh toothpaste,bigram,5,5,0,1,4
delight chocolate,bigram,5,21,0,1,4
chocolate cornet,bigram,5,21,0,1,4
lean beef,bigram,5,12,0,1,4
clean toothpaste,bigram,5,5,0,1,4
black tea,bigram,5,16,0,1,4
breakfast tea,bigram,5,16,0,1,4
chocolate brownie,bigram,5,21,0,1,4
cappuccino coffee,bigram,5,15,0,1,4
mocha coffee,bigram,5,15,0,1,4
body deodorant,bigram,5,33,0,1,4
school snacks,bigram,5,22,0,1,4
banana apple,bigram,5,4,0,1,4
softener conditioner,bigram,5,31,0,1,4
fat milk,bigram,4,1,0,1,4
juice 200ml,bigram,4,24,0,1,4
chicken crimpy,bigram,4,11,0,1,4
lemon juice,bigram,4,24,0,1,4
deodorant derma,bigram,4,33,0,1,4
curry rice,bigram,4,6,0,1,4
caramilk chocolate,bigram,4,21,0,1,4
liquid detergent,bigram,4,30,0,1,4
renewal shampoo,bigram,4,8,0,1,4
normal shampoo,bigram,4,8,0,1,4
milk marvellous,bigram,4,1,0,1,4
chocolate flavoured,bigram,4,21,0,1,4
water filter,bigram,4,25,0,1,4
biscuits inspired,bigram,4,23,0,1,4
chicken corn,bigram,4,11,0,1,4
cheese supreme,bigram,4,10,0,1,4
sleek conditioner,bigram,4,31,0,1,4
water bottle,bigram,4,25,0,1,4
macaroni cheese,bigram,4,10,0,1,4
twirl chocolate,bigram,4,21,0,1,4
chicken soup,bigram,4,11,0,1,4
teriyaki chicken,bigram,4,11,0,1,4
9 apple,bigram,4,4,0,1,4
protect shampoo,bigram,4,8,0,1,4
bread slices,bigram,4,2,0,1,4
chocolate custard,bigram,4,21,0,1,4
almond milk,bigram,4,1,0,1,4
chicken pouch,bigram,4,11,0,1,4
chocolate raspberry,bigram,4,21,0,1,4
chicken recipe,bigram,4,11,0,1,4
red wine,bigram,4,19,0,1,4
beef vegetables,bigram,4,12,0,1,4
renewal conditioner,bigram,4,31,0,1,4
tender chicken,bigram,4,11,0,1,4
frozen fish,bigram,4,13,0,1,4
fish fillets,bigram,4,13,0,1,4
crispbread crackers,bigram,4,2,0,1,4
beef ravioli,bigram,4,12,0,1,4
conditioner smooth,bigram,4,31,0,1,4
nacho cheese,bigram,4,10,0,1,4
shampoo smooth,bigram,4,8,0,1,4
fresh pasta,bigram,4,7,0,1,4
plain biscuits,bigram,4,23,0,1,4
normal conditioner,bigram,4,31,0,1,4
assorted chocolate,bigram,4,21,0,1,4
snack mix,bigram,4,22,0,1,4
milk honey,bigram,4,1,0,1,4
chicken bacon,bigram,4,11,0,1,4
white tea,bigram,4,16,0,1,4
drink pineapple,bigram,4,4,0,1,4
sleek shampoo,bigram,4,8,0,1,4
fed beef,bigram,4,12,0,1,4
fragrance deodorant,bigram,4,33,0,1,4
chocolate freddo,bigram,4,21,0,1,4
chocolate liquorice,bigram,4,21,0,1,4
block chocolate,bigram,4,21,0,1,4
baking chocolate,bigram,4,21,0,1,4
beer can,bigram,4,18,0,1,4
cheese 200g,bigram,3,10,0,1,4
pasta no,bigram,3,7,0,1,4
masterfoods steak,bigram,3,16,0,1,4
steak seasoning,bigram,3,16,0,1,4
original beef,bigram,3,12,0,1,4
amp rice,bigram,3,6,0,1,4
chilli chicken,bigram,3,11,0,1,4
chicken tenders,bigram,3,11,0,1,4
grated cheese,bigram,3,10,0,1,4
chicken bites,bigram,3,11,0,1,4
snacks 5,bigram,3,22,0,1,4
hot chocolate,bigram,3,21,0,1,4
sharp cheese,bigram,3,10,0,1,4
health chicken,bigram,3,11,0,1,4
orange juice,bigram,3,24,0,1,4
oil conditioner,bigram,3,31,0,1,4
hot chicken,bigram,3,11,0,1,4
care toothpaste,bigram,3,5,0,1,4
cheese crackers,bigram,3,10,0,1,4
ravioli pasta,bigram,3,7,0,1,4
cheesecake protein,bigram,3,10,0,1,4
chocolate chip,bigram,3,21,0,1,4
coconut rice,bigram,3,6,0,1,4
toning conditioner,bigram,3,31,0,1,4
stock chicken,bigram,3,11,0,1,4
chicken mushroom,bigram,3,11,0,1,4
chocolate caramel,bigram,3,21,0,1,4
roti bread,bigram,3,2,0,1,4
canister cheese,bigram,3,10,0,1,4
smooth shampoo,bigram,3,8,0,1,4
herbs pasta,bigram,3,7,0,1,4
caramello chocolate,bigram,3,21,0,1,4
carrot apple,bigram,3,4,0,1,4
chocolate bits,bigram,3,21,0,1,4
kat chocolate,bigram,3,21,0,1,4
chicken biryani,bigram,3,11,0,1,4
dairy cheese,bigram,3,10,0,1,4
water gel,bigram,3,25,0,1,4
cadbury caramilk,bigram,3,1,1,1,10
protect conditioner,bigram,3,31,0,1,4
snack crackers,bigram,3,22,0,1,4
chicken stir,bigram,3,11,0,1,4
flavoured rice,bigram,3,6,0,1,4
chicken vegetable,bigram,3,11,0,1,4
fish selection,bigram,3,13,0,1,4
oil shampoo,bigram,3,8,0,1,4
conditioner moisture,bigram,3,31,0,1,4
deodorant cream,bigram,3,33,0,1,4
chocolate brown,bigram,3,21,0,1,4
vegetables rice,bigram,3,6,0,1,4
rice baby,bigram,3,6,0,1,4
chocolate baking,bigram,3,21,0,1,4
original crispbread,bigram,3,2,0,1,4
chocolate milk,bigram,3,21,0,1,4
powder chocolate,bigram,3,21,0,1,4
white bread,bigram,3,2,0,1,4
build chicken,bigram,3,11,0,1,4
smooth conditioner,bigram,3,31,0,1,4
coffee syrup,bigram,3,15,0,1,4
vegetable rice,bigram,3,6,0,1,4
caramel milk,bigram,3,1,0,1,4
multipurpose cleaning,bigram,3,29,0,1,4
water powder,bigram,3,25,0,1,4
snack bars,bigram,3,39,0,1,4
apple berry,bigram,3,4,0,1,4
juice chilled,bigram,3,24,0,1,4
active water,bigram,3,25,0,1,4
shampoo itchy,bigram,3,8,0,1,4
cooked beef,bigram,3,12,0,1,4
mac cheese,bigram,3,10,0,1,4
chicken sweet,bigram,3,11,0,1,4
tea peach,bigram,3,16,0,1,4
dandruff conditioner,bigram,3,31,0,1,4
triple chocolate,bigram,3,21,0,1,4
toddler milk,bigram,3,1,0,1,4
strong tea,bigram,3,16,0,1,4
shampoo apple,bigram,3,8,0,1,4
slice chocolate,bigram,3,21,0,1,4
mix chocolate,bigram,3,21,0,1,4
repair shampoo,bigram,3,8,0,1,4
beef burger,bigram,3,12,0,1,4
egg pasta,bigram,3,7,0,1,4
toning shampoo,bigram,3,8,0,1,4
food chicken,bigram,3,11,0,1,4
entertaining chicken,bigram,3,11,0,1,4
chocolate hazelnut,bigram,3,21,0,1,4
roast beef,bigram,3,12,0,1,4
vide beef,bigram,3,12,0,1,4
chicken multipack,bigram,3,11,0,1,4
apple mango,bigram,3,4,0,1,4
yoghurt rice,bigram,3,6,0,1,4
beef mince,bigram,3,12,0,1,4
chocolate box,bigram,3,21,0,1,4
deodorant spray,bigram,3,33,0,1,4
shampoo cool,bigram,3,8,0,1,4
gourmet cheese,bigram,3,10,0,1,4
